step,nspecies_per_node(model)_1,nspecies_per_node(model)_2,nspecies_per_node(model)_3,nspecies_per_node(model)_4,nspecies_per_node(model)_5,nspecies_per_node(model)_6,nspecies_per_node(model)_7,nspecies_per_node(model)_8,nspecies_per_node(model)_9,nspecies_per_node(model)_10,nspecies_per_node(model)_11,nspecies_per_node(model)_12,nspecies_per_node(model)_13,nspecies_per_node(model)_14,nspecies_per_node(model)_15,nspecies_per_node(model)_16,nspecies_per_node(model)_17,nspecies_per_node(model)_18,nspecies_per_node(model)_19,nspecies_per_node(model)_20,nspecies_per_node(model)_21,nspecies_per_node(model)_22,nspecies_per_node(model)_23,nspecies_per_node(model)_24,nspecies_per_node(model)_25,nspecies_per_node(model)_26,nspecies_per_node(model)_27,nspecies_per_node(model)_28,nspecies_per_node(model)_29,nspecies_per_node(model)_30,nspecies_per_node(model)_31,nspecies_per_node(model)_32,nspecies_per_node(model)_33,nspecies_per_node(model)_34,nspecies_per_node(model)_35,nspecies_per_node(model)_36,nspecies_per_node(model)_37,nspecies_per_node(model)_38,nspecies_per_node(model)_39,nspecies_per_node(model)_40,nspecies_per_node(model)_41,nspecies_per_node(model)_42,nspecies_per_node(model)_43,nspecies_per_node(model)_44,nspecies_per_node(model)_45,nspecies_per_node(model)_46,nspecies_per_node(model)_47,nspecies_per_node(model)_48,nspecies_per_node(model)_49,nspecies_per_node(model)_50,nspecies_per_node(model)_51,nspecies_per_node(model)_52,nspecies_per_node(model)_53,nspecies_per_node(model)_54,nspecies_per_node(model)_55,nspecies_per_node(model)_56,nspecies_per_node(model)_57,nspecies_per_node(model)_58,nspecies_per_node(model)_59,nspecies_per_node(model)_60,nspecies_per_node(model)_61,nspecies_per_node(model)_62,nspecies_per_node(model)_63,nspecies_per_node(model)_64,nspecies_per_node(model)_65,nspecies_per_node(model)_66,nspecies_per_node(model)_67,nspecies_per_node(model)_68,nspecies_per_node(model)_69,nspecies_per_node(model)_70,nspecies_per_node(model)_71,nspecies_per_node(model)_72,nspecies_per_node(model)_73,nspecies_per_node(model)_74,nspecies_per_node(model)_75,nspecies_per_node(model)_76,nspecies_per_node(model)_77,nspecies_per_node(model)_78,nspecies_per_node(model)_79,nspecies_per_node(model)_80,nspecies_per_node(model)_81,nspecies_per_node(model)_82,nspecies_per_node(model)_83,nspecies_per_node(model)_84,nspecies_per_node(model)_85,nspecies_per_node(model)_86,nspecies_per_node(model)_87,nspecies_per_node(model)_88,nspecies_per_node(model)_89,nspecies_per_node(model)_90,nspecies_per_node(model)_91,nspecies_per_node(model)_92,nspecies_per_node(model)_93,nspecies_per_node(model)_94,nspecies_per_node(model)_95,nspecies_per_node(model)_96,nspecies_per_node(model)_97,nspecies_per_node(model)_98,nspecies_per_node(model)_99,nspecies_per_node(model)_100
0,100.0,100.0,100.0,100.0,100.0,100.0,100.0,100.0,100.0,100.0,100.0,100.0,100.0,100.0,100.0,100.0,100.0,100.0,100.0,100.0,100.0,100.0,100.0,100.0,100.0,100.0,100.0,100.0,100.0,100.0,100.0,100.0,100.0,100.0,100.0,100.0,100.0,100.0,100.0,100.0,100.0,100.0,100.0,100.0,100.0,100.0,100.0,100.0,100.0,100.0,100.0,100.0,100.0,100.0,100.0,100.0,100.0,100.0,100.0,100.0,100.0,100.0,100.0,100.0,100.0,100.0,100.0,100.0,100.0,100.0,100.0,100.0,100.0,100.0,100.0,100.0,100.0,100.0,100.0,100.0,100.0,100.0,100.0,100.0,100.0,100.0,100.0,100.0,100.0,100.0,100.0,100.0,100.0,100.0,100.0,100.0,100.0,100.0,100.0,100.0
1,119.0,127.0,96.0,124.0,113.0,124.0,108.0,101.0,106.0,105.0,114.0,87.0,100.0,75.0,109.0,100.0,106.0,102.0,98.0,92.0,99.0,118.0,118.0,111.0,119.0,82.0,116.0,112.0,117.0,85.0,67.0,99.0,87.0,82.0,91.0,74.0,63.0,87.0,93.0,84.0,126.0,107.0,121.0,97.0,115.0,114.0,121.0,116.0,135.0,111.0,141.0,125.0,132.0,151.0,118.0,139.0,140.0,146.0,120.0,141.0,123.0,117.0,144.0,117.0,134.0,149.0,152.0,126.0,137.0,142.0,106.0,73.0,89.0,106.0,88.0,91.0,90.0,96.0,90.0,112.0,101.0,114.0,95.0,102.0,114.0,117.0,98.0,107.0,89.0,104.0,93.0,120.0,105.0,123.0,88.0,98.0,95.0,95.0,105.0,110.0
2,129.0,129.0,121.0,143.0,106.0,135.0,135.0,137.0,133.0,126.0,101.0,82.0,115.0,102.0,103.0,119.0,102.0,117.0,114.0,102.0,109.0,121.0,124.0,110.0,141.0,124.0,116.0,118.0,124.0,115.0,81.0,99.0,87.0,79.0,93.0,95.0,112.0,94.0,85.0,98.0,117.0,111.0,107.0,124.0,118.0,115.0,127.0,115.0,97.0,120.0,154.0,161.0,143.0,145.0,157.0,137.0,135.0,142.0,141.0,169.0,167.0,122.0,160.0,128.0,149.0,153.0,126.0,134.0,148.0,134.0,97.0,112.0,105.0,124.0,96.0,83.0,86.0,98.0,96.0,97.0,104.0,119.0,111.0,118.0,106.0,102.0,129.0,106.0,133.0,98.0,126.0,126.0,109.0,109.0,118.0,121.0,115.0,124.0,115.0,118.0
3,143.0,125.0,136.0,147.0,132.0,134.0,132.0,124.0,152.0,134.0,109.0,108.0,114.0,126.0,109.0,101.0,102.0,130.0,107.0,128.0,121.0,120.0,128.0,119.0,142.0,118.0,114.0,125.0,117.0,111.0,98.0,112.0,115.0,99.0,112.0,116.0,116.0,111.0,112.0,113.0,151.0,140.0,140.0,132.0,139.0,153.0,139.0,122.0,135.0,122.0,146.0,171.0,153.0,149.0,131.0,145.0,162.0,145.0,142.0,161.0,154.0,158.0,148.0,148.0,137.0,142.0,139.0,169.0,134.0,145.0,120.0,109.0,95.0,113.0,129.0,98.0,116.0,118.0,113.0,128.0,115.0,100.0,133.0,115.0,117.0,142.0,120.0,126.0,149.0,115.0,132.0,141.0,121.0,133.0,143.0,136.0,145.0,120.0,128.0,118.0
4,147.0,162.0,140.0,161.0,143.0,160.0,161.0,156.0,130.0,151.0,151.0,124.0,114.0,132.0,139.0,139.0,136.0,130.0,145.0,126.0,132.0,131.0,153.0,147.0,134.0,123.0,122.0,158.0,164.0,150.0,108.0,115.0,118.0,116.0,126.0,124.0,114.0,119.0,116.0,103.0,157.0,159.0,128.0,141.0,118.0,132.0,147.0,132.0,153.0,142.0,171.0,184.0,165.0,149.0,172.0,165.0,185.0,183.0,155.0,177.0,150.0,142.0,163.0,140.0,177.0,159.0,162.0,149.0,145.0,159.0,131.0,135.0,113.0,131.0,114.0,125.0,101.0,121.0,125.0,112.0,126.0,110.0,141.0,146.0,137.0,125.0,122.0,122.0,141.0,125.0,128.0,130.0,155.0,124.0,142.0,142.0,147.0,132.0,124.0,135.0
5,146.0,159.0,181.0,172.0,153.0,170.0,171.0,153.0,151.0,139.0,154.0,159.0,124.0,131.0,137.0,146.0,137.0,124.0,130.0,137.0,151.0,143.0,153.0,161.0,151.0,151.0,139.0,161.0,169.0,149.0,114.0,129.0,118.0,139.0,124.0,109.0,126.0,135.0,141.0,140.0,180.0,194.0,132.0,154.0,149.0,160.0,152.0,164.0,162.0,154.0,212.0,173.0,167.0,156.0,176.0,194.0,188.0,187.0,200.0,177.0,164.0,154.0,186.0,168.0,197.0,171.0,175.0,170.0,187.0,177.0,122.0,137.0,128.0,129.0,150.0,106.0,114.0,119.0,115.0,121.0,150.0,125.0,144.0,143.0,139.0,148.0,161.0,153.0,144.0,128.0,128.0,135.0,171.0,150.0,146.0,155.0,151.0,156.0,115.0,167.0
6,177.0,180.0,169.0,173.0,200.0,175.0,181.0,176.0,173.0,174.0,151.0,152.0,161.0,154.0,157.0,142.0,157.0,144.0,172.0,145.0,181.0,151.0,164.0,173.0,159.0,149.0,143.0,161.0,133.0,162.0,125.0,128.0,143.0,127.0,129.0,130.0,138.0,121.0,138.0,124.0,168.0,176.0,174.0,178.0,202.0,160.0,156.0,178.0,152.0,150.0,168.0,203.0,185.0,196.0,216.0,220.0,205.0,209.0,202.0,211.0,202.0,186.0,166.0,173.0,162.0,178.0,200.0,188.0,198.0,175.0,142.0,159.0,131.0,122.0,126.0,139.0,135.0,131.0,141.0,147.0,164.0,147.0,180.0,168.0,140.0,170.0,186.0,166.0,167.0,138.0,171.0,150.0,153.0,162.0,159.0,171.0,139.0,177.0,165.0,179.0
7,206.0,176.0,177.0,195.0,197.0,180.0,215.0,179.0,200.0,173.0,130.0,169.0,141.0,153.0,188.0,152.0,160.0,156.0,159.0,162.0,178.0,156.0,187.0,146.0,140.0,161.0,165.0,185.0,142.0,177.0,133.0,166.0,136.0,137.0,153.0,157.0,151.0,162.0,140.0,142.0,194.0,205.0,189.0,171.0,186.0,188.0,180.0,187.0,184.0,183.0,227.0,195.0,226.0,216.0,206.0,226.0,221.0,221.0,210.0,218.0,230.0,193.0,197.0,244.0,219.0,221.0,193.0,207.0,214.0,213.0,141.0,145.0,156.0,152.0,157.0,155.0,155.0,141.0,149.0,122.0,169.0,179.0,160.0,162.0,169.0,156.0,159.0,169.0,192.0,166.0,178.0,179.0,188.0,180.0,170.0,170.0,175.0,180.0,185.0,171.0
8,198.0,213.0,211.0,209.0,197.0,201.0,210.0,169.0,205.0,185.0,163.0,182.0,179.0,178.0,161.0,173.0,168.0,208.0,140.0,180.0,226.0,187.0,181.0,165.0,200.0,207.0,199.0,185.0,194.0,186.0,138.0,178.0,148.0,153.0,155.0,166.0,153.0,153.0,190.0,162.0,217.0,191.0,203.0,195.0,214.0,215.0,205.0,204.0,211.0,198.0,231.0,209.0,238.0,234.0,222.0,235.0,241.0,217.0,242.0,236.0,207.0,203.0,214.0,220.0,241.0,242.0,224.0,242.0,235.0,214.0,170.0,172.0,153.0,163.0,169.0,126.0,160.0,160.0,138.0,144.0,199.0,176.0,171.0,182.0,188.0,173.0,198.0,180.0,176.0,167.0,182.0,192.0,195.0,193.0,183.0,169.0,158.0,214.0,185.0,184.0
9,213.0,214.0,212.0,192.0,204.0,232.0,233.0,215.0,236.0,215.0,195.0,170.0,163.0,192.0,198.0,195.0,216.0,181.0,190.0,175.0,224.0,203.0,212.0,212.0,212.0,197.0,194.0,210.0,201.0,187.0,178.0,160.0,162.0,178.0,147.0,183.0,155.0,159.0,177.0,152.0,224.0,193.0,208.0,226.0,204.0,206.0,186.0,228.0,233.0,209.0,246.0,254.0,263.0,238.0,283.0,237.0,238.0,238.0,248.0,230.0,261.0,269.0,239.0,228.0,245.0,253.0,223.0,242.0,204.0,241.0,171.0,179.0,183.0,160.0,170.0,170.0,196.0,172.0,180.0,200.0,175.0,194.0,189.0,193.0,196.0,194.0,228.0,217.0,199.0,192.0,197.0,214.0,207.0,218.0,225.0,187.0,199.0,223.0,200.0,189.0
10,284.0,233.0,265.0,236.0,241.0,249.0,231.0,245.0,251.0,235.0,204.0,194.0,195.0,182.0,190.0,214.0,190.0,213.0,209.0,182.0,241.0,197.0,193.0,200.0,235.0,208.0,257.0,210.0,235.0,210.0,181.0,184.0,185.0,168.0,170.0,191.0,182.0,185.0,188.0,183.0,223.0,224.0,243.0,236.0,234.0,242.0,223.0,247.0,218.0,248.0,272.0,257.0,252.0,289.0,288.0,242.0,270.0,284.0,258.0,284.0,256.0,254.0,256.0,260.0,258.0,264.0,262.0,251.0,249.0,257.0,170.0,203.0,193.0,165.0,177.0,178.0,200.0,188.0,199.0,164.0,212.0,222.0,186.0,223.0,216.0,216.0,212.0,213.0,199.0,190.0,203.0,237.0,222.0,228.0,238.0,206.0,200.0,211.0,221.0,178.0
11,269.0,245.0,239.0,249.0,246.0,245.0,263.0,234.0,251.0,279.0,220.0,250.0,220.0,241.0,216.0,229.0,247.0,228.0,248.0,186.0,235.0,233.0,233.0,242.0,251.0,230.0,232.0,270.0,249.0,227.0,213.0,190.0,187.0,187.0,178.0,207.0,187.0,188.0,184.0,187.0,255.0,246.0,284.0,258.0,260.0,254.0,263.0,244.0,256.0,228.0,271.0,273.0,286.0,270.0,280.0,260.0,266.0,288.0,297.0,248.0,260.0,250.0,260.0,254.0,292.0,293.0,266.0,281.0,239.0,243.0,197.0,194.0,212.0,184.0,199.0,171.0,206.0,179.0,204.0,204.0,251.0,222.0,206.0,227.0,256.0,236.0,238.0,236.0,238.0,225.0,249.0,266.0,221.0,235.0,242.0,248.0,226.0,270.0,229.0,251.0
12,262.0,271.0,238.0,260.0,258.0,254.0,256.0,257.0,254.0,258.0,252.0,241.0,239.0,222.0,240.0,224.0,232.0,242.0,270.0,219.0,241.0,263.0,250.0,271.0,240.0,248.0,259.0,301.0,240.0,236.0,206.0,201.0,204.0,200.0,216.0,212.0,217.0,181.0,204.0,170.0,276.0,297.0,281.0,261.0,258.0,272.0,273.0,292.0,260.0,257.0,326.0,316.0,297.0,303.0,320.0,316.0,324.0,295.0,357.0,283.0,304.0,299.0,304.0,273.0,325.0,288.0,280.0,298.0,277.0,274.0,225.0,186.0,213.0,228.0,224.0,195.0,248.0,223.0,222.0,214.0,230.0,228.0,229.0,218.0,254.0,268.0,233.0,252.0,238.0,241.0,278.0,239.0,258.0,276.0,266.0,266.0,249.0,257.0,248.0,276.0
13,280.0,282.0,265.0,251.0,315.0,270.0,283.0,296.0,263.0,301.0,252.0,237.0,255.0,249.0,249.0,220.0,238.0,271.0,239.0,250.0,262.0,302.0,267.0,270.0,250.0,287.0,257.0,298.0,297.0,250.0,215.0,205.0,252.0,234.0,249.0,232.0,238.0,226.0,209.0,208.0,305.0,298.0,290.0,270.0,284.0,323.0,293.0,296.0,294.0,285.0,330.0,314.0,326.0,356.0,328.0,284.0,338.0,316.0,345.0,334.0,350.0,301.0,311.0,318.0,358.0,362.0,348.0,306.0,330.0,293.0,243.0,228.0,241.0,223.0,235.0,212.0,246.0,233.0,227.0,206.0,255.0,289.0,224.0,260.0,224.0,259.0,265.0,267.0,268.0,236.0,296.0,264.0,252.0,252.0,299.0,273.0,249.0,278.0,279.0,219.0
14,299.0,307.0,314.0,296.0,306.0,318.0,328.0,333.0,325.0,293.0,259.0,252.0,262.0,279.0,269.0,250.0,280.0,290.0,285.0,221.0,274.0,321.0,284.0,295.0,312.0,308.0,284.0,321.0,311.0,275.0,240.0,260.0,242.0,263.0,247.0,243.0,226.0,217.0,243.0,232.0,337.0,293.0,307.0,308.0,301.0,305.0,297.0,305.0,314.0,298.0,369.0,316.0,360.0,344.0,384.0,351.0,360.0,367.0,336.0,322.0,365.0,359.0,318.0,317.0,340.0,331.0,351.0,312.0,356.0,328.0,254.0,251.0,234.0,226.0,243.0,262.0,236.0,264.0,236.0,253.0,300.0,235.0,268.0,241.0,276.0,269.0,290.0,272.0,253.0,256.0,288.0,311.0,272.0,292.0,309.0,271.0,294.0,301.0,281.0,263.0
15,374.0,302.0,324.0,301.0,308.0,323.0,349.0,356.0,329.0,321.0,294.0,282.0,287.0,280.0,303.0,271.0,286.0,267.0,277.0,240.0,305.0,307.0,309.0,297.0,324.0,293.0,293.0,334.0,321.0,316.0,256.0,250.0,225.0,270.0,273.0,274.0,262.0,243.0,276.0,234.0,307.0,341.0,323.0,334.0,326.0,315.0,338.0,299.0,312.0,313.0,377.0,385.0,358.0,391.0,382.0,351.0,366.0,416.0,389.0,351.0,396.0,367.0,351.0,327.0,371.0,393.0,357.0,379.0,363.0,340.0,271.0,261.0,251.0,233.0,274.0,266.0,286.0,256.0,277.0,243.0,312.0,303.0,285.0,314.0,317.0,290.0,278.0,295.0,290.0,258.0,298.0,298.0,329.0,297.0,316.0,324.0,329.0,338.0,301.0,286.0
16,377.0,358.0,331.0,328.0,346.0,362.0,355.0,372.0,354.0,345.0,306.0,294.0,293.0,299.0,319.0,281.0,280.0,298.0,289.0,263.0,351.0,294.0,319.0,316.0,352.0,333.0,323.0,346.0,304.0,293.0,302.0,294.0,270.0,255.0,303.0,284.0,267.0,291.0,294.0,232.0,342.0,345.0,364.0,344.0,324.0,365.0,372.0,344.0,321.0,340.0,409.0,418.0,398.0,391.0,436.0,382.0,401.0,410.0,389.0,369.0,389.0,364.0,375.0,393.0,408.0,408.0,399.0,390.0,419.0,353.0,272.0,273.0,275.0,275.0,293.0,265.0,262.0,296.0,281.0,273.0,308.0,306.0,290.0,307.0,323.0,285.0,329.0,295.0,344.0,309.0,347.0,345.0,314.0,324.0,304.0,331.0,360.0,351.0,343.0,288.0
17,416.0,376.0,374.0,359.0,379.0,397.0,368.0,371.0,381.0,399.0,337.0,295.0,304.0,294.0,348.0,307.0,318.0,327.0,316.0,275.0,373.0,322.0,292.0,317.0,378.0,351.0,375.0,359.0,344.0,286.0,286.0,275.0,301.0,294.0,320.0,306.0,291.0,302.0,314.0,249.0,401.0,382.0,346.0,412.0,350.0,344.0,374.0,365.0,364.0,337.0,435.0,408.0,401.0,419.0,448.0,447.0,457.0,483.0,430.0,383.0,354.0,451.0,411.0,432.0,410.0,397.0,435.0,421.0,438.0,346.0,323.0,300.0,305.0,278.0,295.0,294.0,292.0,293.0,278.0,297.0,354.0,337.0,323.0,281.0,349.0,339.0,307.0,313.0,326.0,325.0,342.0,344.0,361.0,336.0,350.0,314.0,340.0,372.0,355.0,333.0
18,433.0,417.0,408.0,380.0,403.0,389.0,412.0,412.0,424.0,378.0,297.0,318.0,302.0,318.0,383.0,326.0,350.0,346.0,334.0,313.0,374.0,394.0,365.0,361.0,380.0,337.0,362.0,370.0,357.0,373.0,310.0,314.0,306.0,291.0,329.0,351.0,356.0,319.0,324.0,278.0,396.0,394.0,356.0,412.0,402.0,387.0,385.0,389.0,405.0,345.0,497.0,445.0,430.0,463.0,448.0,440.0,432.0,454.0,472.0,425.0,455.0,414.0,440.0,425.0,449.0,394.0,463.0,466.0,429.0,356.0,322.0,292.0,317.0,281.0,310.0,334.0,315.0,305.0,298.0,272.0,351.0,330.0,339.0,311.0,338.0,357.0,361.0,369.0,327.0,315.0,410.0,377.0,346.0,373.0,409.0,386.0,335.0,395.0,386.0,342.0
19,462.0,399.0,415.0,415.0,435.0,419.0,468.0,411.0,409.0,337.0,406.0,373.0,354.0,362.0,381.0,342.0,365.0,348.0,332.0,347.0,404.0,388.0,361.0,359.0,387.0,352.0,402.0,422.0,406.0,342.0,329.0,315.0,325.0,313.0,346.0,319.0,329.0,346.0,325.0,277.0,422.0,439.0,372.0,419.0,394.0,403.0,417.0,445.0,417.0,409.0,499.0,470.0,473.0,436.0,495.0,504.0,442.0,450.0,475.0,439.0,464.0,407.0,427.0,454.0,490.0,453.0,439.0,526.0,457.0,405.0,330.0,353.0,318.0,323.0,372.0,333.0,360.0,308.0,353.0,284.0,377.0,347.0,391.0,341.0,375.0,373.0,384.0,380.0,356.0,336.0,379.0,412.0,367.0,388.0,403.0,410.0,384.0,411.0,441.0,385.0
20,458.0,430.0,431.0,424.0,462.0,445.0,465.0,462.0,452.0,390.0,412.0,371.0,322.0,350.0,394.0,364.0,406.0,368.0,397.0,355.0,426.0,424.0,375.0,437.0,441.0,401.0,423.0,414.0,420.0,351.0,376.0,343.0,317.0,310.0,367.0,322.0,363.0,353.0,339.0,285.0,438.0,459.0,409.0,414.0,440.0,455.0,471.0,471.0,457.0,398.0,528.0,496.0,493.0,478.0,511.0,462.0,488.0,498.0,506.0,465.0,509.0,443.0,526.0,476.0,490.0,464.0,446.0,479.0,484.0,432.0,364.0,350.0,349.0,328.0,379.0,369.0,335.0,338.0,335.0,328.0,397.0,356.0,369.0,376.0,403.0,421.0,409.0,428.0,400.0,348.0,396.0,439.0,404.0,413.0,423.0,413.0,406.0,463.0,399.0,372.0
21,495.0,464.0,442.0,423.0,486.0,474.0,476.0,471.0,489.0,426.0,422.0,403.0,414.0,375.0,425.0,384.0,400.0,385.0,386.0,380.0,459.0,412.0,425.0,411.0,470.0,410.0,441.0,489.0,432.0,403.0,384.0,363.0,367.0,316.0,406.0,342.0,354.0,392.0,317.0,309.0,479.0,510.0,404.0,430.0,419.0,463.0,432.0,449.0,485.0,406.0,532.0,530.0,508.0,528.0,563.0,550.0,557.0,567.0,567.0,451.0,527.0,455.0,488.0,498.0,492.0,474.0,531.0,551.0,485.0,450.0,368.0,330.0,339.0,365.0,409.0,367.0,385.0,366.0,368.0,297.0,438.0,430.0,396.0,392.0,434.0,435.0,421.0,390.0,418.0,356.0,434.0,422.0,406.0,462.0,441.0,425.0,435.0,439.0,459.0,406.0
22,502.0,475.0,433.0,446.0,540.0,478.0,527.0,479.0,503.0,440.0,419.0,390.0,411.0,389.0,406.0,400.0,410.0,437.0,395.0,363.0,493.0,420.0,444.0,417.0,462.0,454.0,439.0,498.0,435.0,407.0,410.0,392.0,376.0,386.0,380.0,369.0,405.0,395.0,390.0,335.0,508.0,540.0,478.0,443.0,508.0,480.0,510.0,489.0,475.0,395.0,598.0,533.0,519.0,577.0,599.0,517.0,563.0,567.0,565.0,490.0,535.0,531.0,517.0,507.0,534.0,543.0,560.0,540.0,568.0,456.0,403.0,376.0,361.0,369.0,425.0,375.0,369.0,359.0,389.0,333.0,447.0,417.0,432.0,401.0,466.0,441.0,435.0,488.0,429.0,392.0,455.0,453.0,411.0,459.0,459.0,475.0,434.0,476.0,476.0,431.0
23,520.0,471.0,460.0,462.0,501.0,475.0,544.0,491.0,521.0,447.0,441.0,435.0,426.0,403.0,440.0,398.0,431.0,461.0,401.0,398.0,512.0,464.0,486.0,445.0,506.0,453.0,478.0,524.0,461.0,413.0,404.0,371.0,368.0,372.0,434.0,414.0,394.0,402.0,423.0,346.0,513.0,488.0,527.0,487.0,542.0,533.0,519.0,562.0,491.0,413.0,649.0,533.0,542.0,566.0,609.0,549.0,599.0,543.0,617.0,493.0,573.0,554.0,482.0,528.0,601.0,536.0,576.0,564.0,544.0,526.0,424.0,445.0,369.0,379.0,413.0,412.0,398.0,422.0,427.0,365.0,494.0,484.0,444.0,449.0,468.0,484.0,452.0,478.0,452.0,402.0,472.0,488.0,467.0,493.0,499.0,484.0,480.0,510.0,506.0,393.0
24,547.0,509.0,501.0,516.0,583.0,509.0,534.0,554.0,545.0,505.0,477.0,414.0,415.0,418.0,468.0,451.0,432.0,468.0,445.0,402.0,489.0,499.0,508.0,471.0,498.0,500.0,525.0,503.0,545.0,433.0,461.0,415.0,385.0,379.0,439.0,423.0,473.0,432.0,440.0,376.0,563.0,540.0,478.0,491.0,547.0,513.0,538.0,561.0,539.0,469.0,638.0,611.0,582.0,563.0,621.0,574.0,597.0,622.0,596.0,495.0,612.0,609.0,554.0,548.0,601.0,557.0,597.0,593.0,600.0,463.0,468.0,418.0,389.0,414.0,456.0,435.0,412.0,439.0,402.0,343.0,506.0,441.0,460.0,447.0,494.0,464.0,479.0,480.0,445.0,423.0,473.0,479.0,484.0,524.0,539.0,516.0,503.0,531.0,499.0,437.0
25,537.0,525.0,511.0,530.0,573.0,570.0,532.0,563.0,560.0,467.0,513.0,485.0,457.0,468.0,490.0,462.0,452.0,469.0,479.0,394.0,555.0,517.0,464.0,500.0,536.0,511.0,584.0,529.0,524.0,470.0,458.0,413.0,401.0,396.0,446.0,370.0,454.0,436.0,464.0,384.0,558.0,546.0,558.0,527.0,578.0,615.0,579.0,620.0,562.0,460.0,697.0,695.0,607.0,586.0,664.0,609.0,651.0,696.0,595.0,557.0,639.0,581.0,544.0,590.0,668.0,555.0,550.0,631.0,582.0,494.0,470.0,440.0,436.0,411.0,450.0,440.0,461.0,422.0,462.0,374.0,523.0,470.0,461.0,442.0,525.0,460.0,535.0,511.0,515.0,428.0,512.0,458.0,497.0,502.0,544.0,547.0,507.0,527.0,526.0,459.0
26,595.0,551.0,565.0,508.0,600.0,544.0,582.0,594.0,588.0,469.0,518.0,475.0,437.0,473.0,519.0,534.0,496.0,527.0,489.0,427.0,539.0,524.0,516.0,542.0,571.0,568.0,544.0,554.0,564.0,460.0,492.0,506.0,417.0,432.0,472.0,433.0,450.0,445.0,419.0,422.0,626.0,551.0,542.0,518.0,593.0,557.0,587.0,619.0,554.0,459.0,694.0,621.0,589.0,641.0,678.0,616.0,648.0,705.0,645.0,530.0,663.0,577.0,591.0,577.0,673.0,609.0,638.0,653.0,653.0,578.0,492.0,457.0,448.0,445.0,505.0,459.0,483.0,446.0,465.0,385.0,515.0,503.0,508.0,489.0,526.0,478.0,505.0,518.0,520.0,435.0,552.0,562.0,497.0,503.0,563.0,535.0,581.0,559.0,579.0,458.0
27,602.0,582.0,569.0,568.0,611.0,593.0,577.0,612.0,612.0,509.0,558.0,493.0,484.0,501.0,545.0,495.0,513.0,562.0,528.0,449.0,570.0,549.0,516.0,538.0,596.0,555.0,598.0,571.0,550.0,449.0,474.0,477.0,404.0,411.0,511.0,443.0,467.0,525.0,446.0,423.0,611.0,596.0,555.0,540.0,647.0,575.0,611.0,593.0,598.0,501.0,757.0,672.0,620.0,650.0,701.0,666.0,721.0,705.0,670.0,537.0,659.0,650.0,621.0,631.0,654.0,675.0,653.0,645.0,685.0,532.0,498.0,474.0,465.0,439.0,523.0,462.0,473.0,515.0,480.0,401.0,560.0,493.0,511.0,509.0,570.0,508.0,521.0,546.0,553.0,474.0,614.0,529.0,533.0,510.0,565.0,546.0,583.0,561.0,556.0,482.0
28,627.0,570.0,564.0,601.0,627.0,617.0,591.0,652.0,588.0,530.0,562.0,501.0,519.0,470.0,562.0,534.0,520.0,563.0,571.0,448.0,580.0,600.0,517.0,519.0,627.0,577.0,579.0,572.0,606.0,494.0,486.0,483.0,451.0,450.0,465.0,483.0,535.0,523.0,492.0,375.0,652.0,578.0,567.0,550.0,638.0,576.0,665.0,674.0,632.0,503.0,746.0,675.0,618.0,654.0,757.0,654.0,733.0,713.0,713.0,598.0,764.0,666.0,647.0,662.0,726.0,654.0,706.0,677.0,666.0,561.0,513.0,506.0,492.0,457.0,523.0,468.0,467.0,527.0,479.0,423.0,600.0,531.0,493.0,520.0,595.0,538.0,557.0,567.0,531.0,468.0,584.0,586.0,572.0,578.0,615.0,598.0,559.0,575.0,594.0,481.0
29,657.0,635.0,575.0,595.0,649.0,603.0,683.0,675.0,602.0,552.0,604.0,513.0,540.0,491.0,584.0,560.0,533.0,569.0,552.0,442.0,556.0,587.0,541.0,564.0,622.0,547.0,607.0,626.0,590.0,469.0,558.0,511.0,448.0,476.0,517.0,452.0,482.0,545.0,520.0,439.0,653.0,636.0,592.0,597.0,700.0,602.0,647.0,666.0,662.0,532.0,756.0,702.0,674.0,677.0,745.0,674.0,730.0,754.0,751.0,611.0,749.0,676.0,620.0,668.0,750.0,689.0,700.0,728.0,713.0,576.0,533.0,513.0,459.0,468.0,519.0,520.0,492.0,500.0,505.0,386.0,625.0,550.0,562.0,538.0,571.0,589.0,598.0,561.0,544.0,483.0,629.0,547.0,584.0,542.0,683.0,635.0,630.0,619.0,621.0,506.0
30,711.0,629.0,553.0,623.0,708.0,649.0,668.0,723.0,661.0,537.0,602.0,571.0,531.0,548.0,596.0,542.0,533.0,593.0,580.0,441.0,626.0,604.0,632.0,591.0,633.0,618.0,632.0,644.0,618.0,515.0,546.0,535.0,475.0,465.0,557.0,490.0,547.0,522.0,506.0,420.0,675.0,636.0,608.0,599.0,656.0,665.0,681.0,672.0,677.0,528.0,775.0,694.0,679.0,719.0,806.0,682.0,765.0,782.0,754.0,624.0,775.0,726.0,625.0,695.0,773.0,663.0,720.0,750.0,727.0,578.0,539.0,542.0,503.0,476.0,532.0,477.0,514.0,533.0,510.0,417.0,611.0,534.0,562.0,512.0,630.0,597.0,593.0,618.0,574.0,525.0,657.0,566.0,575.0,532.0,646.0,651.0,631.0,598.0,633.0,518.0
31,683.0,629.0,594.0,651.0,729.0,673.0,652.0,694.0,680.0,584.0,623.0,573.0,555.0,544.0,590.0,570.0,635.0,615.0,568.0,458.0,638.0,672.0,570.0,590.0,672.0,609.0,639.0,664.0,634.0,490.0,592.0,516.0,486.0,513.0,575.0,534.0,513.0,528.0,573.0,439.0,698.0,639.0,647.0,633.0,680.0,649.0,667.0,675.0,672.0,515.0,825.0,701.0,694.0,667.0,823.0,751.0,760.0,816.0,786.0,657.0,758.0,701.0,707.0,676.0,813.0,681.0,730.0,751.0,725.0,600.0,545.0,506.0,493.0,520.0,546.0,481.0,568.0,588.0,573.0,449.0,651.0,645.0,556.0,555.0,635.0,608.0,626.0,648.0,572.0,476.0,692.0,613.0,577.0,551.0,662.0,633.0,669.0,640.0,629.0,534.0
32,709.0,664.0,616.0,654.0,746.0,649.0,721.0,741.0,767.0,601.0,621.0,578.0,549.0,569.0,613.0,584.0,644.0,612.0,607.0,488.0,706.0,670.0,608.0,573.0,662.0,641.0,700.0,691.0,657.0,528.0,597.0,536.0,504.0,501.0,607.0,539.0,526.0,546.0,528.0,467.0,706.0,700.0,627.0,613.0,708.0,647.0,703.0,717.0,675.0,533.0,848.0,730.0,722.0,752.0,811.0,780.0,778.0,829.0,781.0,618.0,796.0,693.0,670.0,697.0,791.0,724.0,736.0,760.0,719.0,575.0,584.0,498.0,521.0,506.0,569.0,532.0,585.0,586.0,592.0,425.0,625.0,636.0,534.0,566.0,689.0,627.0,614.0,626.0,583.0,502.0,691.0,638.0,656.0,599.0,711.0,613.0,615.0,683.0,665.0,561.0
33,766.0,698.0,669.0,646.0,774.0,703.0,707.0,751.0,688.0,545.0,641.0,569.0,561.0,573.0,607.0,590.0,603.0,647.0,587.0,516.0,704.0,605.0,592.0,587.0,696.0,645.0,696.0,695.0,676.0,539.0,578.0,573.0,482.0,503.0,591.0,496.0,559.0,543.0,555.0,417.0,730.0,691.0,670.0,645.0,748.0,697.0,710.0,750.0,690.0,556.0,866.0,754.0,766.0,744.0,803.0,768.0,810.0,847.0,859.0,619.0,828.0,741.0,697.0,714.0,847.0,768.0,782.0,756.0,762.0,606.0,603.0,524.0,496.0,486.0,616.0,537.0,592.0,594.0,609.0,491.0,638.0,667.0,577.0,589.0,633.0,604.0,647.0,679.0,638.0,529.0,697.0,660.0,612.0,662.0,762.0,662.0,671.0,695.0,661.0,569.0
34,752.0,733.0,645.0,662.0,834.0,665.0,715.0,752.0,780.0,566.0,711.0,625.0,584.0,589.0,685.0,606.0,692.0,623.0,623.0,508.0,673.0,662.0,672.0,604.0,722.0,659.0,710.0,677.0,649.0,527.0,564.0,589.0,496.0,497.0,573.0,533.0,580.0,616.0,551.0,453.0,782.0,667.0,677.0,674.0,740.0,692.0,733.0,728.0,742.0,590.0,843.0,794.0,738.0,730.0,827.0,807.0,812.0,874.0,855.0,613.0,813.0,703.0,701.0,760.0,840.0,768.0,745.0,831.0,789.0,659.0,625.0,558.0,533.0,526.0,605.0,571.0,595.0,560.0,574.0,500.0,696.0,628.0,572.0,590.0,709.0,613.0,649.0,726.0,647.0,526.0,753.0,654.0,615.0,630.0,701.0,683.0,694.0,725.0,657.0,526.0
35,806.0,690.0,689.0,672.0,794.0,723.0,718.0,772.0,736.0,595.0,659.0,609.0,560.0,568.0,665.0,584.0,669.0,627.0,627.0,494.0,689.0,669.0,639.0,672.0,696.0,625.0,707.0,713.0,721.0,524.0,608.0,602.0,555.0,536.0,618.0,594.0,593.0,646.0,590.0,479.0,775.0,686.0,670.0,657.0,783.0,715.0,713.0,782.0,725.0,577.0,926.0,841.0,721.0,743.0,897.0,791.0,864.0,837.0,875.0,689.0,816.0,722.0,732.0,759.0,840.0,779.0,846.0,809.0,813.0,628.0,589.0,562.0,523.0,511.0,604.0,575.0,594.0,638.0,575.0,475.0,711.0,669.0,601.0,622.0,747.0,623.0,652.0,690.0,668.0,529.0,779.0,683.0,646.0,625.0,742.0,707.0,705.0,747.0,670.0,552.0
36,837.0,742.0,662.0,720.0,802.0,756.0,757.0,795.0,757.0,607.0,721.0,611.0,568.0,561.0,659.0,614.0,616.0,623.0,669.0,495.0,742.0,681.0,636.0,665.0,755.0,703.0,738.0,739.0,748.0,536.0,597.0,553.0,570.0,541.0,610.0,598.0,585.0,662.0,605.0,434.0,808.0,708.0,648.0,690.0,805.0,708.0,769.0,778.0,772.0,567.0,897.0,814.0,809.0,736.0,871.0,863.0,824.0,883.0,845.0,676.0,839.0,739.0,736.0,742.0,859.0,792.0,868.0,832.0,822.0,650.0,621.0,629.0,567.0,562.0,636.0,538.0,601.0,675.0,594.0,494.0,726.0,673.0,581.0,611.0,742.0,604.0,682.0,664.0,657.0,563.0,708.0,695.0,654.0,634.0,788.0,648.0,747.0,748.0,655.0,585.0
37,772.0,722.0,663.0,718.0,822.0,718.0,833.0,771.0,793.0,630.0,703.0,647.0,597.0,574.0,689.0,602.0,725.0,659.0,621.0,534.0,741.0,721.0,649.0,677.0,730.0,663.0,721.0,786.0,710.0,537.0,616.0,565.0,566.0,548.0,638.0,575.0,600.0,689.0,625.0,490.0,806.0,702.0,675.0,685.0,841.0,760.0,744.0,777.0,746.0,622.0,948.0,850.0,822.0,821.0,903.0,834.0,844.0,877.0,847.0,607.0,877.0,791.0,769.0,728.0,873.0,793.0,818.0,859.0,867.0,646.0,643.0,593.0,535.0,562.0,699.0,601.0,637.0,607.0,619.0,482.0,763.0,680.0,586.0,588.0,707.0,683.0,672.0,714.0,704.0,530.0,755.0,678.0,655.0,648.0,758.0,697.0,712.0,788.0,708.0,591.0
38,804.0,759.0,681.0,684.0,833.0,747.0,770.0,831.0,788.0,599.0,740.0,628.0,606.0,595.0,690.0,654.0,620.0,668.0,657.0,508.0,772.0,691.0,652.0,657.0,748.0,703.0,774.0,743.0,761.0,533.0,698.0,597.0,539.0,575.0,622.0,606.0,571.0,668.0,610.0,458.0,829.0,718.0,691.0,699.0,829.0,724.0,763.0,798.0,777.0,638.0,892.0,864.0,741.0,780.0,955.0,846.0,920.0,920.0,887.0,674.0,857.0,815.0,758.0,773.0,948.0,803.0,885.0,895.0,821.0,655.0,631.0,640.0,559.0,577.0,648.0,601.0,678.0,666.0,606.0,498.0,770.0,607.0,678.0,631.0,706.0,655.0,699.0,677.0,698.0,550.0,753.0,723.0,693.0,660.0,797.0,682.0,731.0,777.0,742.0,610.0
39,854.0,716.0,726.0,721.0,842.0,795.0,860.0,812.0,778.0,605.0,714.0,620.0,609.0,589.0,763.0,660.0,677.0,720.0,683.0,550.0,764.0,709.0,666.0,692.0,784.0,670.0,775.0,733.0,703.0,587.0,638.0,621.0,549.0,560.0,638.0,600.0,618.0,657.0,605.0,449.0,848.0,747.0,742.0,730.0,846.0,769.0,745.0,859.0,762.0,575.0,953.0,827.0,810.0,762.0,940.0,804.0,869.0,941.0,904.0,715.0,886.0,814.0,775.0,744.0,921.0,840.0,892.0,917.0,888.0,690.0,680.0,636.0,520.0,569.0,629.0,605.0,659.0,651.0,674.0,498.0,770.0,667.0,612.0,661.0,696.0,650.0,708.0,726.0,718.0,515.0,751.0,773.0,658.0,678.0,829.0,714.0,708.0,735.0,732.0,586.0
40,818.0,774.0,705.0,673.0,810.0,761.0,795.0,813.0,773.0,638.0,660.0,644.0,632.0,652.0,765.0,659.0,676.0,719.0,695.0,532.0,800.0,736.0,686.0,691.0,799.0,678.0,754.0,830.0,792.0,564.0,638.0,605.0,600.0,551.0,699.0,607.0,659.0,617.0,628.0,483.0,872.0,787.0,673.0,743.0,825.0,734.0,846.0,807.0,760.0,594.0,970.0,863.0,809.0,817.0,913.0,902.0,863.0,953.0,890.0,689.0,923.0,822.0,742.0,761.0,940.0,848.0,852.0,898.0,923.0,689.0,664.0,584.0,600.0,555.0,655.0,635.0,625.0,659.0,639.0,493.0,784.0,674.0,646.0,645.0,740.0,657.0,742.0,755.0,745.0,560.0,827.0,719.0,643.0,685.0,846.0,703.0,792.0,797.0,694.0,572.0
41,886.0,762.0,734.0,681.0,837.0,763.0,804.0,859.0,838.0,584.0,744.0,662.0,601.0,635.0,791.0,666.0,728.0,719.0,698.0,532.0,777.0,732.0,641.0,672.0,805.0,703.0,774.0,815.0,733.0,584.0,662.0,572.0,548.0,555.0,640.0,583.0,651.0,628.0,686.0,495.0,857.0,743.0,725.0,732.0,884.0,760.0,839.0,800.0,760.0,591.0,1005.0,879.0,843.0,821.0,910.0,870.0,927.0,979.0,892.0,719.0,882.0,852.0,784.0,780.0,928.0,876.0,857.0,885.0,878.0,669.0,688.0,644.0,585.0,578.0,704.0,577.0,622.0,668.0,645.0,504.0,756.0,700.0,656.0,675.0,776.0,727.0,737.0,800.0,715.0,579.0,790.0,733.0,677.0,703.0,814.0,729.0,749.0,787.0,780.0,597.0
42,844.0,760.0,730.0,723.0,858.0,793.0,835.0,834.0,838.0,630.0,721.0,675.0,610.0,632.0,787.0,710.0,702.0,759.0,709.0,521.0,788.0,727.0,692.0,676.0,814.0,698.0,797.0,790.0,753.0,612.0,676.0,595.0,557.0,578.0,704.0,633.0,654.0,697.0,649.0,525.0,868.0,770.0,745.0,782.0,845.0,727.0,828.0,885.0,842.0,610.0,979.0,890.0,799.0,792.0,984.0,885.0,908.0,937.0,873.0,687.0,949.0,851.0,814.0,801.0,934.0,845.0,868.0,931.0,856.0,666.0,701.0,639.0,575.0,570.0,671.0,593.0,638.0,707.0,688.0,488.0,813.0,703.0,648.0,634.0,746.0,693.0,744.0,746.0,757.0,564.0,794.0,733.0,677.0,697.0,833.0,744.0,793.0,740.0,740.0,587.0
43,894.0,766.0,748.0,695.0,853.0,749.0,803.0,835.0,822.0,639.0,754.0,640.0,629.0,652.0,737.0,670.0,718.0,758.0,691.0,583.0,786.0,742.0,654.0,701.0,830.0,736.0,771.0,790.0,766.0,629.0,692.0,649.0,600.0,582.0,700.0,633.0,632.0,658.0,744.0,476.0,876.0,800.0,683.0,701.0,855.0,765.0,826.0,876.0,765.0,620.0,973.0,889.0,844.0,837.0,988.0,954.0,946.0,972.0,929.0,691.0,964.0,842.0,783.0,820.0,922.0,816.0,917.0,908.0,869.0,662.0,660.0,607.0,602.0,550.0,736.0,618.0,696.0,698.0,683.0,509.0,752.0,731.0,669.0,677.0,772.0,728.0,728.0,777.0,733.0,543.0,858.0,736.0,683.0,718.0,863.0,709.0,800.0,832.0,778.0,569.0
44,848.0,830.0,750.0,740.0,857.0,733.0,853.0,856.0,852.0,645.0,718.0,675.0,618.0,657.0,758.0,682.0,719.0,759.0,740.0,542.0,844.0,774.0,682.0,740.0,821.0,732.0,737.0,794.0,791.0,578.0,670.0,637.0,616.0,575.0,707.0,627.0,655.0,658.0,649.0,507.0,856.0,738.0,749.0,724.0,878.0,777.0,862.0,874.0,802.0,662.0,1006.0,866.0,844.0,787.0,1002.0,915.0,918.0,979.0,968.0,724.0,980.0,837.0,762.0,801.0,1020.0,857.0,907.0,934.0,880.0,652.0,699.0,624.0,578.0,598.0,689.0,621.0,672.0,674.0,661.0,487.0,806.0,695.0,674.0,627.0,750.0,744.0,769.0,816.0,746.0,568.0,850.0,780.0,666.0,728.0,843.0,742.0,808.0,830.0,754.0,584.0
45,866.0,811.0,782.0,755.0,897.0,822.0,857.0,887.0,814.0,631.0,717.0,692.0,640.0,642.0,762.0,677.0,759.0,738.0,736.0,560.0,783.0,712.0,673.0,714.0,816.0,738.0,731.0,821.0,809.0,590.0,721.0,632.0,593.0,563.0,688.0,643.0,663.0,686.0,667.0,502.0,889.0,722.0,722.0,713.0,881.0,796.0,818.0,868.0,825.0,631.0,1033.0,903.0,769.0,850.0,994.0,873.0,950.0,984.0,912.0,683.0,955.0,870.0,821.0,804.0,969.0,881.0,955.0,979.0,895.0,681.0,718.0,640.0,623.0,606.0,730.0,583.0,688.0,682.0,661.0,531.0,803.0,710.0,660.0,669.0,789.0,701.0,741.0,772.0,771.0,572.0,855.0,809.0,695.0,699.0,864.0,761.0,794.0,818.0,812.0,595.0
46,864.0,799.0,806.0,758.0,899.0,827.0,860.0,892.0,824.0,655.0,752.0,697.0,643.0,611.0,762.0,713.0,717.0,785.0,728.0,550.0,820.0,769.0,693.0,684.0,890.0,737.0,803.0,803.0,791.0,593.0,757.0,620.0,600.0,625.0,697.0,655.0,669.0,696.0,644.0,495.0,879.0,757.0,716.0,734.0,912.0,771.0,832.0,861.0,849.0,645.0,1004.0,897.0,823.0,850.0,996.0,852.0,935.0,992.0,981.0,717.0,918.0,854.0,798.0,821.0,954.0,838.0,953.0,986.0,961.0,691.0,750.0,686.0,569.0,597.0,715.0,667.0,676.0,664.0,638.0,495.0,829.0,716.0,678.0,703.0,789.0,753.0,766.0,827.0,745.0,613.0,831.0,751.0,685.0,666.0,833.0,710.0,797.0,784.0,790.0,542.0
47,875.0,797.0,737.0,778.0,890.0,827.0,886.0,871.0,900.0,642.0,762.0,680.0,646.0,633.0,811.0,711.0,732.0,732.0,716.0,563.0,820.0,753.0,685.0,750.0,809.0,728.0,807.0,799.0,797.0,615.0,714.0,658.0,623.0,588.0,682.0,621.0,707.0,729.0,662.0,521.0,885.0,757.0,720.0,740.0,928.0,782.0,891.0,834.0,872.0,641.0,1038.0,905.0,849.0,810.0,1025.0,876.0,936.0,1004.0,926.0,686.0,967.0,864.0,814.0,805.0,971.0,899.0,883.0,1007.0,897.0,670.0,743.0,698.0,616.0,608.0,710.0,615.0,672.0,731.0,702.0,487.0,808.0,727.0,649.0,666.0,821.0,744.0,764.0,851.0,719.0,582.0,842.0,748.0,705.0,701.0,852.0,758.0,779.0,784.0,808.0,610.0
48,900.0,815.0,738.0,769.0,923.0,788.0,868.0,934.0,849.0,631.0,769.0,742.0,623.0,655.0,780.0,678.0,785.0,749.0,718.0,574.0,820.0,754.0,704.0,707.0,823.0,757.0,807.0,824.0,799.0,602.0,725.0,660.0,588.0,597.0,734.0,602.0,664.0,713.0,656.0,483.0,928.0,750.0,772.0,794.0,909.0,787.0,832.0,899.0,823.0,643.0,1018.0,934.0,840.0,885.0,998.0,893.0,949.0,982.0,951.0,695.0,1004.0,827.0,831.0,763.0,974.0,883.0,910.0,951.0,934.0,716.0,706.0,600.0,568.0,553.0,729.0,656.0,666.0,678.0,720.0,486.0,820.0,753.0,700.0,685.0,808.0,754.0,815.0,837.0,757.0,579.0,811.0,786.0,705.0,696.0,870.0,797.0,805.0,823.0,836.0,625.0
49,897.0,805.0,740.0,748.0,914.0,824.0,857.0,900.0,870.0,628.0,746.0,702.0,640.0,668.0,795.0,678.0,737.0,766.0,724.0,585.0,833.0,737.0,692.0,717.0,875.0,757.0,776.0,831.0,790.0,574.0,738.0,645.0,620.0,596.0,718.0,635.0,701.0,710.0,660.0,484.0,927.0,752.0,764.0,763.0,892.0,833.0,836.0,872.0,859.0,672.0,974.0,904.0,839.0,834.0,1019.0,943.0,1001.0,1030.0,953.0,732.0,995.0,899.0,832.0,763.0,959.0,833.0,913.0,1027.0,927.0,706.0,765.0,658.0,627.0,600.0,735.0,624.0,678.0,669.0,687.0,500.0,840.0,740.0,649.0,673.0,833.0,698.0,818.0,822.0,758.0,598.0,833.0,810.0,691.0,769.0,855.0,798.0,824.0,801.0,853.0,568.0
50,917.0,825.0,774.0,750.0,924.0,828.0,902.0,840.0,833.0,629.0,793.0,692.0,617.0,644.0,780.0,718.0,708.0,803.0,735.0,543.0,874.0,799.0,722.0,746.0,847.0,727.0,804.0,808.0,806.0,611.0,747.0,654.0,623.0,574.0,716.0,623.0,745.0,725.0,675.0,545.0,867.0,766.0,734.0,754.0,925.0,733.0,807.0,931.0,916.0,605.0,1024.0,897.0,854.0,888.0,1042.0,960.0,1014.0,1003.0,1007.0,712.0,976.0,898.0,801.0,822.0,957.0,947.0,930.0,965.0,912.0,726.0,709.0,686.0,611.0,622.0,771.0,640.0,672.0,737.0,699.0,506.0,815.0,676.0,694.0,653.0,824.0,690.0,779.0,813.0,763.0,565.0,865.0,787.0,686.0,698.0,850.0,779.0,813.0,845.0,768.0,618.0
51,896.0,811.0,750.0,760.0,939.0,840.0,888.0,925.0,828.0,623.0,816.0,709.0,668.0,665.0,814.0,739.0,750.0,768.0,750.0,571.0,842.0,768.0,662.0,662.0,867.0,739.0,837.0,851.0,797.0,564.0,714.0,641.0,564.0,607.0,706.0,627.0,731.0,706.0,705.0,521.0,883.0,786.0,765.0,775.0,927.0,797.0,837.0,890.0,861.0,639.0,1001.0,931.0,860.0,870.0,1045.0,899.0,958.0,1022.0,955.0,749.0,1024.0,903.0,803.0,817.0,990.0,852.0,915.0,988.0,903.0,712.0,745.0,650.0,661.0,618.0,771.0,663.0,723.0,723.0,710.0,505.0,850.0,732.0,684.0,704.0,763.0,751.0,752.0,799.0,772.0,562.0,852.0,773.0,717.0,692.0,850.0,765.0,817.0,834.0,868.0,623.0
52,904.0,808.0,748.0,761.0,934.0,815.0,907.0,938.0,850.0,667.0,765.0,690.0,677.0,641.0,823.0,730.0,752.0,784.0,777.0,574.0,905.0,808.0,713.0,711.0,828.0,746.0,828.0,849.0,803.0,606.0,734.0,672.0,599.0,593.0,721.0,651.0,703.0,725.0,675.0,505.0,883.0,806.0,709.0,781.0,941.0,810.0,814.0,874.0,859.0,629.0,1021.0,918.0,827.0,847.0,1060.0,884.0,976.0,991.0,1020.0,704.0,1020.0,873.0,832.0,848.0,917.0,884.0,961.0,958.0,917.0,686.0,712.0,653.0,659.0,602.0,772.0,647.0,730.0,740.0,685.0,544.0,812.0,730.0,694.0,691.0,820.0,770.0,730.0,826.0,784.0,569.0,896.0,768.0,695.0,711.0,890.0,760.0,834.0,854.0,805.0,595.0
53,922.0,779.0,753.0,778.0,897.0,817.0,878.0,912.0,902.0,650.0,776.0,654.0,666.0,643.0,812.0,685.0,758.0,787.0,752.0,546.0,864.0,767.0,703.0,701.0,847.0,761.0,846.0,852.0,824.0,597.0,737.0,646.0,580.0,605.0,728.0,642.0,684.0,670.0,673.0,491.0,891.0,840.0,721.0,764.0,887.0,820.0,895.0,871.0,838.0,632.0,1031.0,969.0,859.0,869.0,1080.0,924.0,978.0,1053.0,990.0,736.0,976.0,892.0,847.0,803.0,1034.0,880.0,921.0,988.0,974.0,683.0,756.0,663.0,642.0,593.0,769.0,667.0,683.0,737.0,665.0,564.0,859.0,740.0,668.0,740.0,799.0,762.0,788.0,809.0,776.0,559.0,869.0,790.0,728.0,704.0,879.0,760.0,828.0,886.0,803.0,628.0
54,989.0,835.0,712.0,826.0,903.0,826.0,847.0,923.0,865.0,662.0,776.0,786.0,671.0,720.0,772.0,677.0,785.0,776.0,774.0,563.0,844.0,742.0,709.0,705.0,838.0,803.0,839.0,817.0,882.0,595.0,761.0,651.0,589.0,574.0,759.0,618.0,692.0,669.0,671.0,490.0,897.0,817.0,712.0,744.0,900.0,817.0,869.0,878.0,849.0,622.0,1019.0,901.0,875.0,868.0,1042.0,954.0,992.0,1039.0,958.0,725.0,967.0,892.0,838.0,780.0,1047.0,904.0,954.0,1012.0,949.0,725.0,748.0,660.0,673.0,620.0,757.0,643.0,679.0,752.0,693.0,531.0,843.0,728.0,684.0,667.0,862.0,747.0,794.0,816.0,788.0,594.0,862.0,747.0,717.0,710.0,878.0,743.0,831.0,905.0,791.0,585.0
55,935.0,801.0,739.0,725.0,925.0,856.0,868.0,917.0,864.0,638.0,770.0,735.0,682.0,697.0,783.0,712.0,746.0,814.0,767.0,574.0,885.0,743.0,719.0,694.0,909.0,765.0,843.0,873.0,810.0,593.0,726.0,631.0,561.0,618.0,723.0,657.0,715.0,714.0,686.0,493.0,884.0,780.0,755.0,759.0,896.0,790.0,885.0,936.0,858.0,621.0,1081.0,950.0,846.0,844.0,1066.0,941.0,994.0,1036.0,977.0,698.0,1014.0,860.0,846.0,842.0,1049.0,855.0,919.0,1008.0,948.0,735.0,693.0,685.0,592.0,629.0,744.0,693.0,693.0,726.0,702.0,537.0,857.0,781.0,712.0,652.0,810.0,724.0,787.0,756.0,798.0,566.0,878.0,809.0,736.0,765.0,872.0,753.0,850.0,827.0,832.0,643.0
56,908.0,793.0,778.0,747.0,906.0,826.0,867.0,866.0,884.0,612.0,784.0,769.0,695.0,660.0,819.0,732.0,819.0,852.0,774.0,578.0,860.0,738.0,724.0,721.0,850.0,773.0,844.0,819.0,843.0,587.0,743.0,658.0,588.0,646.0,770.0,609.0,713.0,691.0,665.0,499.0,956.0,826.0,761.0,752.0,903.0,841.0,811.0,917.0,890.0,638.0,1055.0,913.0,898.0,859.0,1091.0,920.0,973.0,1040.0,971.0,715.0,969.0,942.0,837.0,793.0,983.0,905.0,921.0,1002.0,935.0,716.0,770.0,623.0,574.0,618.0,760.0,677.0,726.0,764.0,700.0,526.0,829.0,749.0,654.0,711.0,843.0,749.0,798.0,842.0,792.0,627.0,871.0,776.0,684.0,732.0,873.0,727.0,850.0,837.0,807.0,605.0
57,943.0,833.0,757.0,750.0,949.0,816.0,855.0,884.0,860.0,674.0,854.0,718.0,683.0,645.0,814.0,714.0,757.0,823.0,711.0,569.0,855.0,779.0,731.0,683.0,893.0,776.0,821.0,847.0,837.0,616.0,763.0,637.0,598.0,597.0,740.0,646.0,666.0,745.0,678.0,483.0,917.0,807.0,761.0,749.0,974.0,850.0,879.0,937.0,862.0,660.0,1038.0,962.0,828.0,885.0,1050.0,928.0,982.0,1015.0,966.0,716.0,970.0,881.0,804.0,841.0,1005.0,922.0,970.0,1015.0,973.0,706.0,724.0,638.0,588.0,664.0,699.0,658.0,735.0,739.0,722.0,517.0,830.0,766.0,710.0,699.0,842.0,723.0,826.0,790.0,791.0,567.0,870.0,777.0,742.0,734.0,848.0,737.0,845.0,855.0,877.0,596.0
58,930.0,784.0,789.0,790.0,946.0,817.0,888.0,907.0,922.0,666.0,839.0,717.0,671.0,633.0,801.0,728.0,749.0,777.0,744.0,599.0,882.0,778.0,717.0,706.0,897.0,757.0,886.0,902.0,814.0,613.0,721.0,715.0,582.0,598.0,773.0,656.0,693.0,715.0,701.0,497.0,924.0,792.0,760.0,756.0,942.0,852.0,888.0,928.0,894.0,612.0,1032.0,933.0,830.0,865.0,1029.0,920.0,1000.0,1008.0,981.0,701.0,991.0,897.0,814.0,836.0,962.0,845.0,962.0,1023.0,955.0,680.0,729.0,676.0,642.0,641.0,755.0,671.0,665.0,741.0,702.0,537.0,853.0,776.0,698.0,698.0,822.0,745.0,783.0,790.0,780.0,554.0,880.0,742.0,706.0,731.0,904.0,792.0,833.0,874.0,799.0,651.0
59,901.0,853.0,765.0,723.0,957.0,850.0,881.0,890.0,873.0,613.0,817.0,694.0,652.0,676.0,805.0,756.0,794.0,757.0,744.0,565.0,860.0,766.0,724.0,731.0,878.0,760.0,932.0,878.0,838.0,622.0,741.0,664.0,557.0,629.0,688.0,661.0,673.0,708.0,692.0,478.0,960.0,856.0,770.0,780.0,972.0,788.0,890.0,940.0,860.0,628.0,991.0,952.0,829.0,876.0,1087.0,955.0,958.0,1068.0,1003.0,756.0,1008.0,878.0,843.0,807.0,1009.0,854.0,937.0,988.0,912.0,758.0,785.0,640.0,593.0,609.0,741.0,650.0,694.0,722.0,705.0,526.0,856.0,734.0,735.0,667.0,820.0,704.0,781.0,833.0,835.0,536.0,878.0,780.0,743.0,764.0,884.0,814.0,818.0,893.0,845.0,626.0
60,898.0,835.0,781.0,787.0,960.0,838.0,897.0,922.0,866.0,678.0,817.0,740.0,662.0,669.0,818.0,712.0,762.0,827.0,739.0,533.0,892.0,779.0,725.0,717.0,910.0,785.0,844.0,839.0,811.0,614.0,721.0,654.0,575.0,607.0,722.0,655.0,741.0,768.0,705.0,513.0,936.0,836.0,775.0,761.0,942.0,901.0,913.0,942.0,918.0,656.0,1067.0,943.0,802.0,922.0,1054.0,961.0,1037.0,1023.0,997.0,692.0,1006.0,887.0,815.0,823.0,997.0,871.0,878.0,1026.0,920.0,691.0,744.0,632.0,617.0,599.0,735.0,595.0,668.0,724.0,734.0,531.0,814.0,728.0,674.0,624.0,860.0,722.0,774.0,781.0,801.0,586.0,913.0,790.0,789.0,752.0,855.0,754.0,853.0,836.0,829.0,617.0
61,878.0,818.0,771.0,777.0,946.0,856.0,879.0,882.0,903.0,611.0,786.0,712.0,684.0,696.0,798.0,715.0,750.0,766.0,790.0,548.0,853.0,804.0,720.0,715.0,890.0,784.0,827.0,901.0,799.0,645.0,770.0,613.0,582.0,600.0,762.0,658.0,698.0,743.0,643.0,513.0,925.0,858.0,768.0,735.0,916.0,821.0,883.0,908.0,903.0,623.0,1045.0,893.0,823.0,877.0,1025.0,942.0,1017.0,1026.0,988.0,720.0,1039.0,921.0,840.0,825.0,1028.0,843.0,986.0,1013.0,940.0,702.0,776.0,658.0,620.0,680.0,768.0,623.0,704.0,727.0,726.0,546.0,849.0,738.0,702.0,650.0,851.0,779.0,801.0,872.0,759.0,593.0,899.0,814.0,710.0,711.0,882.0,781.0,829.0,863.0,877.0,613.0
62,924.0,797.0,797.0,782.0,977.0,781.0,897.0,947.0,843.0,616.0,807.0,707.0,646.0,658.0,822.0,793.0,744.0,763.0,792.0,581.0,898.0,776.0,735.0,756.0,895.0,758.0,843.0,867.0,814.0,614.0,718.0,659.0,618.0,534.0,749.0,621.0,730.0,765.0,700.0,508.0,926.0,821.0,737.0,767.0,906.0,797.0,856.0,924.0,882.0,639.0,1056.0,934.0,854.0,874.0,1035.0,930.0,1022.0,1034.0,1014.0,735.0,1042.0,921.0,805.0,859.0,986.0,894.0,975.0,994.0,939.0,710.0,760.0,669.0,633.0,610.0,714.0,667.0,707.0,725.0,696.0,542.0,806.0,753.0,675.0,672.0,856.0,806.0,738.0,824.0,815.0,596.0,890.0,799.0,727.0,752.0,936.0,762.0,869.0,868.0,841.0,574.0
63,892.0,822.0,760.0,767.0,942.0,809.0,881.0,954.0,890.0,665.0,828.0,722.0,684.0,688.0,776.0,770.0,752.0,827.0,720.0,577.0,895.0,790.0,731.0,720.0,893.0,787.0,884.0,852.0,845.0,572.0,767.0,634.0,579.0,582.0,736.0,655.0,685.0,739.0,732.0,507.0,941.0,805.0,718.0,767.0,922.0,821.0,897.0,970.0,887.0,617.0,1077.0,948.0,858.0,830.0,1074.0,913.0,999.0,986.0,1016.0,731.0,999.0,902.0,833.0,832.0,1019.0,913.0,936.0,1028.0,984.0,697.0,752.0,695.0,645.0,627.0,745.0,678.0,713.0,713.0,711.0,558.0,837.0,755.0,695.0,673.0,885.0,681.0,823.0,812.0,737.0,569.0,847.0,769.0,729.0,783.0,891.0,789.0,819.0,839.0,820.0,624.0
64,926.0,842.0,781.0,745.0,940.0,815.0,871.0,946.0,901.0,654.0,824.0,695.0,634.0,687.0,810.0,724.0,802.0,805.0,758.0,527.0,874.0,773.0,706.0,764.0,879.0,741.0,881.0,875.0,834.0,601.0,719.0,667.0,641.0,586.0,728.0,637.0,708.0,739.0,724.0,500.0,962.0,752.0,747.0,745.0,995.0,849.0,900.0,895.0,923.0,624.0,1057.0,963.0,844.0,862.0,1010.0,911.0,1003.0,1058.0,1004.0,740.0,1036.0,887.0,852.0,812.0,1011.0,906.0,931.0,979.0,931.0,740.0,693.0,682.0,622.0,608.0,763.0,662.0,712.0,758.0,708.0,513.0,869.0,791.0,692.0,694.0,851.0,751.0,750.0,856.0,758.0,589.0,879.0,793.0,718.0,769.0,906.0,826.0,837.0,819.0,808.0,628.0
65,916.0,848.0,750.0,745.0,953.0,801.0,838.0,873.0,936.0,599.0,852.0,695.0,615.0,656.0,826.0,752.0,784.0,797.0,784.0,567.0,910.0,787.0,715.0,756.0,902.0,748.0,863.0,855.0,841.0,620.0,723.0,655.0,629.0,617.0,734.0,661.0,697.0,769.0,666.0,520.0,966.0,872.0,739.0,770.0,913.0,848.0,878.0,932.0,886.0,643.0,1032.0,949.0,909.0,888.0,1074.0,947.0,1070.0,1049.0,953.0,727.0,1025.0,892.0,849.0,829.0,1017.0,905.0,949.0,986.0,926.0,709.0,762.0,678.0,629.0,617.0,779.0,643.0,686.0,745.0,692.0,539.0,823.0,696.0,693.0,663.0,848.0,716.0,790.0,837.0,793.0,613.0,838.0,773.0,708.0,733.0,853.0,804.0,841.0,897.0,878.0,581.0
66,991.0,829.0,785.0,797.0,952.0,785.0,888.0,944.0,869.0,637.0,801.0,695.0,663.0,689.0,847.0,759.0,753.0,821.0,766.0,564.0,880.0,772.0,717.0,688.0,862.0,796.0,833.0,850.0,852.0,602.0,733.0,658.0,609.0,621.0,774.0,659.0,698.0,752.0,664.0,527.0,942.0,855.0,754.0,773.0,930.0,818.0,871.0,921.0,873.0,608.0,1074.0,959.0,853.0,885.0,1041.0,951.0,980.0,1027.0,960.0,768.0,977.0,891.0,857.0,782.0,1015.0,891.0,997.0,984.0,970.0,686.0,733.0,656.0,606.0,613.0,761.0,705.0,707.0,731.0,748.0,516.0,869.0,742.0,681.0,722.0,846.0,717.0,813.0,854.0,815.0,606.0,852.0,790.0,711.0,709.0,879.0,750.0,861.0,866.0,845.0,605.0
67,940.0,835.0,777.0,751.0,936.0,829.0,876.0,953.0,852.0,661.0,795.0,708.0,664.0,699.0,806.0,738.0,745.0,790.0,708.0,588.0,875.0,783.0,720.0,703.0,903.0,790.0,858.0,862.0,828.0,567.0,763.0,677.0,598.0,573.0,706.0,662.0,666.0,771.0,706.0,543.0,895.0,811.0,769.0,789.0,932.0,836.0,896.0,937.0,885.0,640.0,1064.0,954.0,856.0,842.0,1064.0,884.0,1024.0,1074.0,988.0,700.0,1037.0,929.0,852.0,876.0,1032.0,910.0,946.0,950.0,993.0,676.0,736.0,677.0,612.0,648.0,774.0,667.0,720.0,720.0,740.0,537.0,841.0,721.0,643.0,689.0,836.0,754.0,840.0,833.0,833.0,598.0,909.0,755.0,744.0,710.0,921.0,765.0,833.0,865.0,833.0,612.0
68,960.0,839.0,772.0,750.0,934.0,833.0,881.0,900.0,876.0,620.0,819.0,745.0,675.0,684.0,806.0,699.0,812.0,826.0,780.0,606.0,834.0,753.0,736.0,720.0,898.0,775.0,808.0,890.0,819.0,605.0,762.0,650.0,591.0,618.0,729.0,683.0,685.0,702.0,674.0,506.0,950.0,849.0,758.0,782.0,933.0,802.0,904.0,892.0,859.0,656.0,1045.0,933.0,824.0,836.0,1078.0,917.0,1069.0,1082.0,989.0,692.0,1036.0,913.0,852.0,813.0,1001.0,875.0,964.0,1019.0,980.0,710.0,738.0,611.0,592.0,644.0,764.0,675.0,706.0,743.0,752.0,543.0,832.0,772.0,669.0,715.0,841.0,756.0,806.0,822.0,800.0,600.0,882.0,784.0,766.0,721.0,928.0,826.0,770.0,880.0,841.0,587.0
69,936.0,821.0,758.0,762.0,971.0,796.0,880.0,899.0,932.0,665.0,832.0,751.0,658.0,684.0,835.0,760.0,749.0,766.0,775.0,542.0,909.0,783.0,729.0,681.0,870.0,765.0,848.0,891.0,857.0,616.0,755.0,627.0,614.0,636.0,712.0,661.0,703.0,743.0,670.0,495.0,946.0,826.0,786.0,731.0,924.0,831.0,887.0,949.0,857.0,641.0,1049.0,915.0,890.0,870.0,1063.0,921.0,992.0,1025.0,978.0,753.0,1006.0,878.0,810.0,806.0,1024.0,896.0,996.0,1022.0,946.0,686.0,735.0,707.0,608.0,687.0,755.0,664.0,705.0,755.0,746.0,538.0,847.0,731.0,692.0,696.0,856.0,747.0,827.0,843.0,803.0,588.0,847.0,815.0,689.0,734.0,905.0,805.0,822.0,869.0,811.0,599.0
70,970.0,792.0,761.0,766.0,960.0,836.0,864.0,903.0,892.0,632.0,756.0,757.0,669.0,658.0,837.0,754.0,771.0,832.0,733.0,564.0,864.0,832.0,705.0,715.0,836.0,773.0,824.0,898.0,845.0,576.0,790.0,654.0,621.0,610.0,697.0,661.0,683.0,710.0,730.0,504.0,942.0,813.0,744.0,763.0,967.0,843.0,860.0,956.0,869.0,638.0,1044.0,950.0,860.0,911.0,1017.0,914.0,1021.0,1077.0,978.0,775.0,1026.0,910.0,806.0,843.0,1034.0,874.0,1007.0,994.0,955.0,674.0,754.0,673.0,580.0,654.0,786.0,648.0,707.0,732.0,724.0,530.0,821.0,697.0,729.0,652.0,827.0,736.0,855.0,821.0,860.0,617.0,898.0,775.0,763.0,713.0,957.0,811.0,819.0,843.0,794.0,612.0
71,921.0,821.0,785.0,736.0,908.0,831.0,886.0,935.0,932.0,631.0,811.0,726.0,677.0,683.0,817.0,763.0,771.0,814.0,788.0,552.0,871.0,827.0,682.0,732.0,890.0,799.0,833.0,830.0,860.0,614.0,714.0,639.0,611.0,620.0,752.0,642.0,723.0,744.0,708.0,513.0,950.0,834.0,752.0,759.0,939.0,811.0,860.0,883.0,857.0,639.0,1040.0,923.0,855.0,853.0,1057.0,929.0,981.0,1087.0,978.0,762.0,1007.0,909.0,826.0,850.0,1041.0,863.0,971.0,999.0,935.0,694.0,766.0,674.0,584.0,597.0,773.0,667.0,733.0,750.0,711.0,527.0,855.0,732.0,715.0,676.0,823.0,742.0,835.0,805.0,807.0,585.0,933.0,770.0,751.0,779.0,921.0,807.0,826.0,922.0,808.0,604.0
72,901.0,875.0,714.0,786.0,965.0,823.0,887.0,967.0,873.0,627.0,811.0,697.0,629.0,667.0,842.0,731.0,752.0,785.0,780.0,537.0,879.0,806.0,733.0,737.0,906.0,822.0,820.0,906.0,836.0,622.0,723.0,597.0,661.0,615.0,740.0,626.0,694.0,729.0,702.0,548.0,972.0,831.0,783.0,758.0,938.0,879.0,919.0,934.0,841.0,624.0,1069.0,967.0,887.0,875.0,1073.0,891.0,998.0,988.0,1019.0,755.0,1024.0,908.0,872.0,848.0,1049.0,869.0,962.0,965.0,922.0,746.0,737.0,637.0,586.0,613.0,713.0,687.0,716.0,744.0,724.0,512.0,852.0,738.0,674.0,661.0,799.0,733.0,831.0,842.0,832.0,572.0,900.0,794.0,697.0,726.0,897.0,795.0,843.0,915.0,857.0,574.0
73,932.0,855.0,733.0,765.0,902.0,806.0,847.0,902.0,899.0,683.0,851.0,698.0,663.0,671.0,832.0,742.0,812.0,778.0,774.0,556.0,873.0,793.0,707.0,720.0,914.0,767.0,812.0,896.0,847.0,573.0,744.0,644.0,627.0,609.0,696.0,645.0,691.0,723.0,682.0,534.0,924.0,860.0,787.0,770.0,975.0,862.0,897.0,926.0,916.0,661.0,1043.0,948.0,896.0,862.0,1026.0,879.0,1049.0,1007.0,994.0,718.0,1060.0,833.0,819.0,868.0,1037.0,895.0,950.0,1021.0,920.0,726.0,729.0,658.0,621.0,622.0,737.0,664.0,688.0,744.0,674.0,526.0,814.0,727.0,704.0,685.0,880.0,795.0,811.0,826.0,843.0,532.0,901.0,835.0,679.0,713.0,925.0,803.0,865.0,954.0,838.0,606.0
74,868.0,797.0,777.0,782.0,934.0,789.0,841.0,901.0,895.0,659.0,840.0,737.0,619.0,682.0,818.0,729.0,812.0,800.0,785.0,539.0,877.0,792.0,713.0,716.0,934.0,755.0,818.0,919.0,824.0,600.0,759.0,602.0,655.0,582.0,729.0,652.0,692.0,717.0,683.0,512.0,898.0,857.0,712.0,760.0,939.0,802.0,897.0,907.0,853.0,629.0,1079.0,926.0,918.0,924.0,1062.0,944.0,1014.0,1071.0,1052.0,764.0,1035.0,926.0,819.0,847.0,1029.0,955.0,971.0,1026.0,910.0,675.0,771.0,649.0,598.0,603.0,730.0,660.0,704.0,729.0,701.0,524.0,865.0,736.0,716.0,681.0,832.0,769.0,785.0,844.0,855.0,589.0,881.0,827.0,707.0,703.0,917.0,801.0,890.0,863.0,830.0,623.0
75,918.0,791.0,728.0,786.0,937.0,819.0,842.0,960.0,863.0,654.0,792.0,767.0,686.0,695.0,838.0,735.0,814.0,810.0,738.0,582.0,870.0,761.0,714.0,667.0,888.0,815.0,857.0,833.0,826.0,607.0,773.0,690.0,618.0,597.0,750.0,642.0,731.0,743.0,724.0,491.0,897.0,850.0,748.0,741.0,936.0,861.0,899.0,903.0,915.0,651.0,1023.0,923.0,849.0,886.0,1056.0,935.0,970.0,1007.0,996.0,717.0,1055.0,877.0,838.0,848.0,1062.0,854.0,954.0,1023.0,979.0,687.0,782.0,650.0,655.0,638.0,759.0,680.0,702.0,762.0,689.0,517.0,854.0,727.0,714.0,687.0,848.0,776.0,816.0,843.0,789.0,606.0,914.0,818.0,688.0,735.0,852.0,741.0,845.0,897.0,870.0,602.0
76,920.0,821.0,767.0,796.0,942.0,792.0,894.0,924.0,875.0,638.0,829.0,718.0,655.0,687.0,829.0,745.0,772.0,820.0,755.0,539.0,893.0,819.0,751.0,710.0,902.0,731.0,831.0,897.0,850.0,631.0,763.0,727.0,607.0,600.0,757.0,700.0,715.0,782.0,703.0,521.0,910.0,809.0,776.0,817.0,951.0,876.0,896.0,923.0,852.0,647.0,1060.0,916.0,854.0,851.0,1076.0,926.0,1008.0,1034.0,979.0,721.0,1030.0,909.0,856.0,847.0,1006.0,914.0,974.0,1010.0,946.0,689.0,746.0,671.0,601.0,585.0,755.0,656.0,695.0,707.0,746.0,532.0,859.0,707.0,676.0,695.0,838.0,761.0,778.0,815.0,812.0,595.0,871.0,761.0,695.0,691.0,872.0,759.0,868.0,872.0,875.0,600.0
77,928.0,824.0,753.0,770.0,940.0,812.0,934.0,964.0,920.0,642.0,812.0,733.0,673.0,650.0,816.0,711.0,804.0,773.0,709.0,548.0,907.0,744.0,734.0,715.0,872.0,787.0,842.0,903.0,817.0,643.0,738.0,662.0,617.0,662.0,719.0,653.0,649.0,720.0,699.0,492.0,898.0,848.0,759.0,790.0,968.0,879.0,921.0,965.0,890.0,645.0,1058.0,916.0,860.0,841.0,1057.0,914.0,997.0,1039.0,1030.0,751.0,998.0,931.0,817.0,809.0,1042.0,899.0,963.0,977.0,985.0,678.0,772.0,726.0,632.0,589.0,753.0,658.0,704.0,767.0,756.0,512.0,868.0,748.0,677.0,690.0,855.0,782.0,789.0,795.0,760.0,583.0,906.0,729.0,718.0,765.0,906.0,764.0,826.0,881.0,824.0,619.0
78,927.0,832.0,749.0,767.0,928.0,844.0,903.0,940.0,891.0,675.0,826.0,723.0,675.0,667.0,859.0,734.0,771.0,807.0,765.0,550.0,890.0,736.0,716.0,715.0,907.0,809.0,854.0,862.0,823.0,588.0,742.0,679.0,653.0,639.0,719.0,662.0,721.0,695.0,751.0,519.0,935.0,853.0,767.0,747.0,921.0,801.0,887.0,915.0,846.0,639.0,1099.0,926.0,847.0,863.0,1080.0,892.0,1027.0,1067.0,981.0,726.0,1009.0,907.0,841.0,876.0,1026.0,900.0,915.0,1014.0,966.0,663.0,734.0,692.0,614.0,603.0,751.0,670.0,722.0,782.0,765.0,518.0,814.0,753.0,680.0,699.0,864.0,764.0,814.0,859.0,799.0,606.0,908.0,763.0,701.0,704.0,874.0,786.0,818.0,843.0,807.0,628.0
79,906.0,872.0,743.0,743.0,947.0,815.0,871.0,950.0,906.0,660.0,799.0,706.0,607.0,701.0,815.0,774.0,800.0,794.0,730.0,566.0,902.0,744.0,713.0,735.0,892.0,777.0,876.0,866.0,864.0,602.0,774.0,684.0,626.0,654.0,750.0,656.0,706.0,746.0,712.0,501.0,927.0,885.0,793.0,748.0,891.0,802.0,859.0,939.0,873.0,670.0,1087.0,905.0,831.0,859.0,1015.0,906.0,1010.0,1086.0,985.0,721.0,1008.0,904.0,846.0,835.0,1070.0,884.0,966.0,1071.0,948.0,711.0,748.0,696.0,632.0,594.0,731.0,634.0,698.0,731.0,721.0,481.0,846.0,722.0,697.0,652.0,851.0,771.0,807.0,777.0,816.0,579.0,887.0,748.0,754.0,761.0,967.0,844.0,840.0,819.0,840.0,618.0
80,939.0,833.0,771.0,773.0,914.0,830.0,857.0,951.0,867.0,643.0,841.0,747.0,660.0,638.0,816.0,692.0,800.0,844.0,798.0,561.0,873.0,762.0,745.0,702.0,895.0,797.0,829.0,865.0,823.0,623.0,732.0,704.0,619.0,615.0,780.0,664.0,722.0,757.0,673.0,511.0,857.0,849.0,742.0,792.0,996.0,784.0,889.0,895.0,913.0,659.0,1076.0,891.0,873.0,872.0,1047.0,920.0,1066.0,1046.0,989.0,703.0,1031.0,877.0,818.0,842.0,994.0,909.0,970.0,981.0,962.0,701.0,746.0,674.0,600.0,629.0,784.0,705.0,702.0,747.0,701.0,485.0,880.0,759.0,682.0,690.0,837.0,786.0,769.0,797.0,838.0,595.0,909.0,776.0,732.0,730.0,870.0,778.0,826.0,899.0,833.0,629.0
81,949.0,820.0,750.0,812.0,915.0,827.0,874.0,964.0,879.0,638.0,849.0,754.0,665.0,696.0,790.0,752.0,783.0,840.0,772.0,539.0,863.0,793.0,680.0,697.0,877.0,778.0,868.0,839.0,857.0,602.0,763.0,630.0,627.0,611.0,763.0,649.0,719.0,734.0,728.0,528.0,900.0,837.0,768.0,744.0,935.0,815.0,875.0,936.0,901.0,662.0,1065.0,933.0,851.0,896.0,1063.0,945.0,987.0,1119.0,969.0,705.0,1018.0,893.0,846.0,813.0,1071.0,909.0,991.0,991.0,972.0,723.0,758.0,677.0,644.0,630.0,788.0,673.0,696.0,720.0,641.0,504.0,852.0,745.0,654.0,706.0,855.0,755.0,800.0,800.0,820.0,572.0,867.0,790.0,757.0,677.0,877.0,761.0,839.0,836.0,858.0,636.0
82,961.0,813.0,781.0,781.0,919.0,841.0,926.0,944.0,879.0,645.0,805.0,750.0,669.0,651.0,808.0,700.0,748.0,791.0,736.0,540.0,842.0,807.0,738.0,686.0,876.0,773.0,852.0,861.0,836.0,610.0,770.0,676.0,613.0,596.0,773.0,647.0,690.0,720.0,719.0,491.0,926.0,810.0,781.0,767.0,931.0,857.0,905.0,926.0,924.0,675.0,1060.0,939.0,814.0,876.0,1079.0,913.0,994.0,1066.0,1028.0,677.0,1055.0,881.0,868.0,854.0,1014.0,923.0,950.0,1003.0,950.0,736.0,721.0,663.0,588.0,646.0,755.0,662.0,718.0,726.0,724.0,494.0,846.0,763.0,666.0,713.0,853.0,775.0,795.0,862.0,780.0,607.0,895.0,772.0,724.0,710.0,929.0,772.0,856.0,880.0,818.0,633.0
83,960.0,820.0,752.0,779.0,957.0,815.0,871.0,923.0,859.0,687.0,855.0,765.0,701.0,637.0,830.0,697.0,814.0,783.0,807.0,575.0,840.0,783.0,727.0,744.0,884.0,804.0,797.0,923.0,826.0,641.0,748.0,637.0,615.0,624.0,762.0,668.0,718.0,732.0,690.0,504.0,941.0,809.0,773.0,758.0,915.0,837.0,846.0,942.0,927.0,634.0,1023.0,937.0,858.0,876.0,1071.0,947.0,1024.0,1063.0,994.0,703.0,1022.0,878.0,830.0,838.0,1039.0,895.0,956.0,980.0,967.0,714.0,704.0,656.0,601.0,624.0,732.0,705.0,701.0,707.0,701.0,483.0,870.0,770.0,640.0,682.0,869.0,731.0,839.0,838.0,765.0,576.0,919.0,818.0,746.0,718.0,878.0,762.0,870.0,889.0,859.0,590.0
84,979.0,803.0,775.0,826.0,938.0,812.0,841.0,911.0,897.0,674.0,790.0,730.0,652.0,645.0,796.0,725.0,750.0,799.0,786.0,522.0,910.0,755.0,788.0,746.0,918.0,793.0,863.0,856.0,829.0,561.0,747.0,676.0,594.0,619.0,776.0,608.0,721.0,749.0,638.0,501.0,903.0,838.0,739.0,761.0,934.0,862.0,914.0,914.0,884.0,626.0,1011.0,971.0,859.0,831.0,1051.0,929.0,1007.0,1059.0,1011.0,703.0,997.0,903.0,823.0,870.0,999.0,869.0,937.0,1022.0,940.0,726.0,755.0,652.0,620.0,584.0,755.0,692.0,709.0,739.0,717.0,526.0,841.0,751.0,707.0,692.0,909.0,762.0,802.0,851.0,799.0,629.0,952.0,792.0,685.0,704.0,864.0,809.0,893.0,880.0,893.0,637.0
85,932.0,792.0,746.0,791.0,941.0,840.0,876.0,992.0,890.0,681.0,845.0,711.0,622.0,691.0,800.0,698.0,811.0,843.0,765.0,539.0,876.0,799.0,739.0,721.0,890.0,767.0,855.0,848.0,866.0,583.0,754.0,667.0,633.0,649.0,793.0,644.0,754.0,723.0,709.0,520.0,893.0,828.0,762.0,771.0,968.0,838.0,843.0,903.0,859.0,640.0,1054.0,965.0,869.0,869.0,1042.0,979.0,976.0,1044.0,974.0,725.0,1057.0,929.0,811.0,820.0,1005.0,939.0,1014.0,1013.0,981.0,675.0,738.0,611.0,608.0,595.0,778.0,646.0,701.0,751.0,713.0,504.0,871.0,758.0,736.0,682.0,861.0,729.0,756.0,808.0,784.0,598.0,865.0,807.0,718.0,689.0,868.0,776.0,852.0,856.0,854.0,639.0
86,916.0,784.0,742.0,817.0,954.0,831.0,870.0,930.0,853.0,656.0,862.0,736.0,647.0,653.0,808.0,715.0,797.0,768.0,739.0,554.0,912.0,803.0,760.0,732.0,896.0,740.0,864.0,876.0,865.0,613.0,773.0,660.0,621.0,651.0,774.0,662.0,705.0,753.0,675.0,502.0,909.0,862.0,767.0,783.0,929.0,872.0,884.0,898.0,888.0,667.0,1033.0,952.0,853.0,826.0,1065.0,940.0,1019.0,1109.0,1017.0,731.0,1005.0,864.0,829.0,836.0,1063.0,865.0,969.0,1020.0,981.0,689.0,754.0,669.0,635.0,613.0,753.0,665.0,706.0,720.0,740.0,545.0,832.0,778.0,708.0,679.0,857.0,747.0,787.0,848.0,823.0,557.0,891.0,759.0,683.0,691.0,846.0,819.0,837.0,854.0,813.0,591.0
87,881.0,843.0,763.0,803.0,960.0,858.0,889.0,927.0,914.0,643.0,801.0,720.0,678.0,673.0,807.0,775.0,713.0,765.0,746.0,550.0,877.0,773.0,729.0,753.0,896.0,757.0,840.0,844.0,854.0,603.0,768.0,685.0,600.0,576.0,722.0,611.0,657.0,733.0,695.0,502.0,941.0,796.0,732.0,769.0,917.0,847.0,904.0,930.0,884.0,633.0,1037.0,963.0,877.0,843.0,1070.0,913.0,1049.0,1031.0,981.0,734.0,1005.0,889.0,833.0,813.0,1060.0,882.0,933.0,1019.0,925.0,693.0,807.0,643.0,647.0,596.0,753.0,684.0,781.0,754.0,741.0,526.0,887.0,750.0,678.0,729.0,883.0,755.0,805.0,865.0,822.0,593.0,887.0,805.0,708.0,726.0,876.0,775.0,866.0,911.0,834.0,629.0
88,950.0,801.0,811.0,780.0,941.0,804.0,864.0,911.0,926.0,628.0,766.0,732.0,663.0,669.0,762.0,756.0,793.0,775.0,745.0,537.0,894.0,842.0,718.0,680.0,915.0,766.0,811.0,864.0,850.0,580.0,790.0,653.0,623.0,624.0,745.0,639.0,713.0,722.0,706.0,500.0,940.0,846.0,712.0,763.0,958.0,836.0,893.0,951.0,866.0,660.0,1050.0,945.0,903.0,877.0,1018.0,938.0,1038.0,1063.0,1003.0,740.0,1000.0,876.0,858.0,874.0,1081.0,893.0,974.0,1060.0,939.0,740.0,794.0,663.0,576.0,579.0,732.0,692.0,703.0,735.0,696.0,510.0,846.0,731.0,707.0,705.0,883.0,756.0,822.0,816.0,805.0,563.0,863.0,778.0,671.0,728.0,907.0,779.0,827.0,881.0,860.0,646.0
89,948.0,851.0,775.0,796.0,943.0,801.0,932.0,922.0,878.0,670.0,809.0,700.0,661.0,670.0,770.0,742.0,746.0,811.0,730.0,540.0,870.0,789.0,701.0,753.0,899.0,812.0,816.0,866.0,909.0,631.0,702.0,666.0,616.0,626.0,799.0,659.0,707.0,772.0,730.0,524.0,938.0,848.0,771.0,779.0,946.0,824.0,884.0,909.0,854.0,653.0,1075.0,931.0,844.0,870.0,1073.0,940.0,999.0,1077.0,993.0,725.0,1021.0,910.0,809.0,815.0,1022.0,875.0,992.0,961.0,964.0,679.0,788.0,672.0,627.0,609.0,724.0,663.0,692.0,770.0,704.0,518.0,842.0,757.0,717.0,667.0,841.0,738.0,765.0,816.0,773.0,576.0,899.0,742.0,724.0,692.0,925.0,804.0,902.0,879.0,862.0,588.0
90,937.0,820.0,764.0,712.0,995.0,832.0,914.0,931.0,917.0,640.0,822.0,726.0,639.0,636.0,786.0,722.0,769.0,850.0,787.0,554.0,892.0,775.0,736.0,745.0,902.0,784.0,837.0,890.0,769.0,611.0,761.0,668.0,634.0,620.0,735.0,686.0,706.0,726.0,724.0,541.0,959.0,781.0,755.0,742.0,960.0,836.0,863.0,879.0,888.0,617.0,1065.0,947.0,862.0,876.0,1008.0,971.0,997.0,1012.0,993.0,733.0,964.0,898.0,861.0,836.0,1024.0,884.0,948.0,1029.0,938.0,689.0,770.0,646.0,634.0,652.0,756.0,666.0,728.0,723.0,721.0,540.0,836.0,775.0,676.0,709.0,873.0,739.0,827.0,828.0,834.0,595.0,887.0,830.0,682.0,748.0,904.0,738.0,850.0,918.0,827.0,586.0
91,882.0,832.0,770.0,757.0,955.0,827.0,890.0,904.0,915.0,637.0,763.0,740.0,653.0,655.0,796.0,692.0,769.0,849.0,707.0,566.0,935.0,804.0,727.0,741.0,893.0,792.0,846.0,863.0,841.0,558.0,742.0,648.0,630.0,614.0,741.0,685.0,689.0,707.0,666.0,551.0,925.0,828.0,787.0,796.0,909.0,828.0,883.0,909.0,916.0,689.0,1051.0,910.0,872.0,837.0,1072.0,931.0,1016.0,1017.0,958.0,727.0,1107.0,899.0,793.0,865.0,1019.0,871.0,974.0,1026.0,958.0,725.0,791.0,671.0,620.0,608.0,782.0,672.0,746.0,747.0,726.0,511.0,830.0,757.0,706.0,662.0,850.0,727.0,788.0,862.0,826.0,545.0,863.0,778.0,684.0,740.0,926.0,834.0,839.0,904.0,883.0,594.0
92,922.0,768.0,758.0,778.0,945.0,828.0,859.0,919.0,936.0,663.0,783.0,745.0,643.0,620.0,824.0,696.0,750.0,799.0,744.0,549.0,844.0,797.0,727.0,733.0,884.0,799.0,824.0,830.0,822.0,592.0,748.0,667.0,603.0,580.0,782.0,670.0,701.0,746.0,701.0,529.0,971.0,807.0,783.0,751.0,935.0,806.0,896.0,911.0,831.0,665.0,1093.0,951.0,878.0,844.0,996.0,981.0,970.0,1119.0,989.0,723.0,1046.0,941.0,839.0,837.0,1024.0,897.0,946.0,1067.0,917.0,688.0,763.0,640.0,599.0,648.0,759.0,688.0,742.0,731.0,716.0,513.0,865.0,716.0,687.0,710.0,866.0,733.0,865.0,788.0,836.0,557.0,851.0,831.0,723.0,773.0,934.0,757.0,890.0,872.0,906.0,624.0
93,940.0,838.0,776.0,773.0,908.0,811.0,893.0,898.0,900.0,650.0,844.0,713.0,662.0,633.0,809.0,710.0,799.0,784.0,762.0,546.0,873.0,773.0,685.0,676.0,914.0,754.0,842.0,863.0,853.0,602.0,766.0,600.0,630.0,565.0,745.0,674.0,715.0,758.0,677.0,499.0,928.0,846.0,791.0,752.0,962.0,846.0,908.0,978.0,869.0,644.0,1050.0,921.0,854.0,916.0,1029.0,958.0,958.0,998.0,1005.0,750.0,990.0,943.0,807.0,834.0,1067.0,854.0,973.0,1027.0,987.0,696.0,773.0,661.0,613.0,620.0,796.0,664.0,723.0,754.0,717.0,537.0,839.0,776.0,697.0,765.0,853.0,763.0,790.0,817.0,794.0,573.0,887.0,790.0,725.0,737.0,866.0,822.0,845.0,908.0,832.0,605.0
94,928.0,859.0,755.0,796.0,986.0,819.0,937.0,913.0,895.0,634.0,830.0,721.0,687.0,698.0,812.0,748.0,776.0,767.0,763.0,572.0,859.0,767.0,723.0,690.0,882.0,751.0,805.0,919.0,880.0,575.0,738.0,670.0,611.0,633.0,732.0,693.0,680.0,740.0,723.0,538.0,933.0,830.0,777.0,743.0,950.0,838.0,881.0,892.0,837.0,654.0,1066.0,950.0,841.0,884.0,1052.0,939.0,1003.0,1069.0,986.0,734.0,1025.0,910.0,852.0,877.0,1007.0,897.0,916.0,974.0,950.0,726.0,784.0,657.0,621.0,565.0,765.0,637.0,754.0,753.0,703.0,512.0,832.0,725.0,683.0,654.0,853.0,751.0,860.0,853.0,808.0,567.0,897.0,771.0,692.0,728.0,912.0,782.0,835.0,907.0,855.0,591.0
95,927.0,814.0,779.0,768.0,999.0,848.0,878.0,934.0,853.0,615.0,813.0,719.0,615.0,647.0,842.0,760.0,798.0,819.0,789.0,564.0,859.0,793.0,727.0,732.0,875.0,770.0,804.0,912.0,826.0,585.0,737.0,665.0,616.0,624.0,710.0,609.0,707.0,728.0,719.0,506.0,939.0,833.0,730.0,786.0,953.0,832.0,901.0,924.0,894.0,669.0,1129.0,931.0,823.0,856.0,1026.0,930.0,969.0,1052.0,1014.0,797.0,1006.0,885.0,875.0,833.0,1050.0,921.0,943.0,1002.0,912.0,646.0,792.0,673.0,615.0,631.0,767.0,667.0,705.0,779.0,743.0,503.0,789.0,792.0,732.0,694.0,801.0,761.0,860.0,789.0,811.0,616.0,899.0,757.0,728.0,699.0,925.0,756.0,883.0,848.0,841.0,600.0
96,899.0,841.0,770.0,771.0,912.0,846.0,914.0,915.0,874.0,650.0,842.0,727.0,721.0,678.0,874.0,666.0,751.0,819.0,774.0,613.0,869.0,777.0,707.0,726.0,903.0,801.0,793.0,870.0,794.0,569.0,736.0,613.0,602.0,625.0,736.0,652.0,750.0,720.0,664.0,521.0,961.0,827.0,734.0,766.0,961.0,847.0,950.0,985.0,929.0,632.0,1055.0,928.0,858.0,827.0,1039.0,915.0,976.0,1018.0,1063.0,731.0,1018.0,898.0,784.0,845.0,1015.0,895.0,976.0,1007.0,955.0,659.0,793.0,711.0,620.0,600.0,758.0,693.0,686.0,730.0,736.0,525.0,825.0,768.0,713.0,692.0,864.0,798.0,825.0,843.0,717.0,567.0,892.0,772.0,733.0,741.0,886.0,739.0,826.0,879.0,889.0,635.0
97,939.0,817.0,790.0,782.0,956.0,866.0,909.0,984.0,871.0,638.0,822.0,710.0,702.0,672.0,854.0,692.0,758.0,811.0,802.0,587.0,903.0,756.0,735.0,752.0,863.0,741.0,857.0,839.0,844.0,615.0,760.0,647.0,561.0,613.0,746.0,663.0,702.0,764.0,701.0,474.0,926.0,831.0,755.0,806.0,956.0,855.0,892.0,945.0,825.0,640.0,1097.0,942.0,829.0,819.0,1033.0,941.0,992.0,980.0,1040.0,732.0,1006.0,914.0,807.0,818.0,1062.0,935.0,972.0,1036.0,943.0,699.0,754.0,695.0,618.0,600.0,773.0,671.0,679.0,734.0,714.0,532.0,830.0,771.0,699.0,686.0,865.0,721.0,832.0,827.0,788.0,577.0,852.0,779.0,746.0,725.0,841.0,766.0,850.0,867.0,869.0,608.0
98,912.0,844.0,770.0,736.0,954.0,871.0,920.0,969.0,891.0,653.0,832.0,751.0,682.0,667.0,811.0,738.0,718.0,787.0,772.0,546.0,866.0,770.0,759.0,743.0,873.0,767.0,852.0,843.0,868.0,579.0,759.0,640.0,574.0,611.0,781.0,671.0,707.0,746.0,686.0,535.0,911.0,841.0,783.0,776.0,921.0,781.0,914.0,900.0,899.0,639.0,1107.0,902.0,815.0,867.0,1031.0,917.0,991.0,1053.0,1002.0,765.0,1045.0,847.0,830.0,807.0,985.0,929.0,944.0,1040.0,941.0,700.0,766.0,727.0,611.0,626.0,781.0,666.0,750.0,740.0,717.0,512.0,801.0,764.0,702.0,700.0,888.0,718.0,794.0,835.0,819.0,570.0,889.0,781.0,716.0,742.0,928.0,792.0,855.0,873.0,803.0,602.0
99,923.0,823.0,748.0,772.0,938.0,788.0,884.0,917.0,912.0,668.0,824.0,721.0,642.0,651.0,807.0,755.0,754.0,802.0,752.0,567.0,884.0,794.0,725.0,715.0,934.0,771.0,836.0,872.0,813.0,564.0,754.0,645.0,637.0,623.0,751.0,667.0,689.0,755.0,696.0,498.0,898.0,793.0,757.0,812.0,968.0,841.0,903.0,870.0,875.0,652.0,1069.0,950.0,882.0,838.0,1050.0,919.0,1042.0,1055.0,1016.0,721.0,1001.0,892.0,885.0,846.0,1007.0,876.0,1008.0,1015.0,943.0,691.0,816.0,668.0,593.0,623.0,796.0,658.0,716.0,732.0,761.0,531.0,826.0,734.0,679.0,683.0,827.0,797.0,791.0,892.0,819.0,598.0,895.0,847.0,692.0,714.0,875.0,781.0,820.0,877.0,812.0,612.0
100,966.0,824.0,783.0,770.0,975.0,783.0,914.0,941.0,877.0,630.0,842.0,722.0,643.0,650.0,835.0,704.0,794.0,823.0,726.0,591.0,904.0,744.0,733.0,753.0,919.0,773.0,804.0,885.0,820.0,623.0,777.0,630.0,610.0,571.0,743.0,693.0,710.0,734.0,688.0,535.0,946.0,788.0,780.0,750.0,973.0,843.0,888.0,871.0,878.0,612.0,1017.0,930.0,817.0,865.0,1043.0,947.0,1032.0,1047.0,1009.0,717.0,998.0,958.0,822.0,871.0,992.0,892.0,955.0,992.0,998.0,678.0,723.0,695.0,612.0,616.0,786.0,648.0,736.0,764.0,717.0,512.0,847.0,747.0,728.0,711.0,779.0,779.0,767.0,869.0,797.0,581.0,873.0,828.0,713.0,715.0,907.0,790.0,843.0,864.0,885.0,627.0
