migration_rate,biotic_coeff,abiotic_coeff,fixed_interaction_mat,selection_coeff,correlated_div,modular_div,div_diff
0.0,0.1,0.0,5,0.5,0.08547625017786083,0.06708928527838268,0.01838696489947815
0.0,5.0,0.5,7,0.5,0.237229640636754,0.2648936098271475,-0.02766396919039349
0.0,2.0,1.0,5,0.01,2.3756935009023477,2.3800044733737398,-0.004310972471392116
0.0,5.0,5.0,10,0.5,2.296055405319848,2.4377823736861277,-0.14172696836627985
0.0,0.0,2.0,10,0.5,2.57447849872188,2.578007053179815,-0.003528554457935318
0.0,2.0,5.0,6,0.5,2.3041208157202604,2.499477396336379,-0.1953565806161186
0.0,0.5,0.0,10,0.12,2.3770455827108137,2.402624908703828,-0.02557932599301438
0.0,0.1,2.0,5,0.12,2.6342002804743223,2.638202081082586,-0.004001800608263828
0.0,1.0,1.0,1,0.12,2.272282366224815,2.3084224066411054,-0.036140040416290375
0.0,0.0,2.0,8,0.12,2.5939256541360747,2.5856995580457904,0.00822609609028424
0.0,0.0,5.0,9,0.5,2.5924454690366456,2.592143827621356,0.00030164141528965516
0.0,0.1,0.5,7,0.12,2.3881862104243123,2.4992408727869426,-0.11105466236263029
0.0,5.0,5.0,6,0.01,2.157414642506939,2.3533151784192508,-0.19590053591231182
0.0,0.1,1.0,5,0.12,2.403161640060179,2.5912568109903114,-0.1880951709301324
0.0,0.0,0.0,7,0.12,2.5925747118374436,2.595361366018901,-0.002786654181457404
0.0,5.0,2.0,2,0.01,2.550580425761975,2.410417265963527,0.14016315979844807
0.0,1.0,0.0,1,0.12,2.3455140457995487,2.256015858008513,0.08949818779103591
0.0,1.0,5.0,6,0.01,2.2596395332187194,2.350154351757305,-0.09051481853858556
0.0,0.0,1.0,6,0.01,2.594676127004423,2.593242055127103,0.0014340718773202532
0.0,0.1,0.0,5,0.12,2.383047234079338,2.4450792157666057,-0.062031981687267645
0.0,0.0,0.1,3,0.01,2.5942358824989764,2.5912022184787045,0.0030336640202719423
0.0,0.0,0.0,8,0.12,2.591266651225226,2.591794453961335,-0.0005278027361090842
0.0,2.0,2.0,9,0.5,1.7177706074616625,2.3104331889103866,-0.5926625814487241
0.0,1.0,2.0,5,0.12,2.0458081097509826,2.4924664951646336,-0.446658385413651
0.0,0.1,2.0,4,0.01,2.5223824674578315,2.5004548690526187,0.021927598405212745
0.0,0.0,1.0,10,0.12,2.5896171415228673,2.593162840790409,-0.0035456992675415577
0.0,1.0,0.1,10,0.01,2.2573213076992307,2.419795659834239,-0.16247435213500827
0.0,0.0,0.5,9,0.5,2.5607607089733397,2.5615098445354803,-0.0007491355621405127
0.0,0.1,1.0,4,0.01,2.6673729424824986,2.6107495354839596,0.05662340699853896
0.0,0.1,5.0,5,0.01,2.588660601352245,2.522839110841558,0.06582149051068686
0.0,1.0,0.1,6,0.5,0.06578451628221693,0.06830123113856074,-0.0025167148563438047
0.0,5.0,0.1,1,0.5,0.06651733525566754,0.06622794802036504,0.00028938723530250177
0.0,0.0,0.5,4,0.5,2.562949862006279,2.5849033177158325,-0.021953455709553538
0.0,2.0,5.0,5,0.5,2.504685114715595,2.2080192421724134,0.29666587254318166
0.0,1.0,0.0,2,0.01,2.449102467729633,2.283209722943377,0.16589274478625615
0.0,2.0,0.0,9,0.5,0.06757686685868419,0.09340032490641523,-0.025823458047731035
0.0,1.0,2.0,9,0.01,2.1144072804213163,2.2593847794105884,-0.14497749898927204
0.0,2.0,0.0,2,0.12,2.2427424170828703,2.196351830091421,0.04639058699144938
0.0,0.5,0.0,2,0.5,0.06710805273903107,0.06815648746333786,-0.001048434724306782
0.0,1.0,0.5,6,0.01,2.502787198317192,2.3274201520347604,0.17536704628243172
0.0,0.5,5.0,6,0.12,2.282436287980528,2.489650113099571,-0.20721382511904318
0.0,2.0,2.0,9,0.12,2.2981685998898134,2.4420673814343967,-0.14389878154458335
0.0,0.1,2.0,8,0.5,2.155799114828503,1.8765502699754018,0.2792488448531014
0.0,0.5,0.1,6,0.01,2.457366746613554,2.369162446380415,0.08820430023313897
0.0,0.1,0.1,5,0.5,0.06775700847110208,0.06715435542155604,0.0006026530495460425
0.0,0.0,0.5,7,0.01,2.5871583436260326,2.5916099821994805,-0.00445163857344788
0.0,0.0,0.5,9,0.12,2.5918841149225615,2.5915835416747237,0.000300573247837832
0.0,0.0,0.1,8,0.5,2.4901569500879206,2.525668622590478,-0.03551167250255727
0.0,0.0,1.0,5,0.01,2.5901990892131947,2.5888126211302778,0.0013864680829169806
0.0,1.0,1.0,4,0.01,2.2117159333051593,2.2758291437978073,-0.06411321049264807
0.0,0.5,0.1,1,0.01,2.5164100921606916,2.35949135241629,0.1569187397444014
0.0,1.0,0.0,9,0.01,2.386079437639573,2.320370461089765,0.06570897654980801
0.0,5.0,2.0,8,0.5,2.082687196178967,2.372869198411987,-0.29018200223302015
0.0,0.0,0.5,4,0.12,2.589888583776808,2.5922003429755787,-0.002311759198770691
0.0,0.1,2.0,10,0.5,2.0382816161834456,1.6236334291641596,0.41464818701928596
0.0,2.0,0.5,5,0.5,0.42802983100094494,0.25543471557770175,0.17259511542324318
0.0,5.0,0.0,7,0.5,0.06814966280251337,0.06754005945933703,0.0006096033431763487
0.0,1.0,1.0,7,0.5,1.5093835332941403,1.0551760972797217,0.4542074360144186
0.0,0.5,0.0,2,0.12,2.2176703153372763,2.488594139837318,-0.2709238245000418
0.0,1.0,2.0,8,0.5,2.3119851749939375,2.031141659890079,0.28084351510385863
0.0,0.5,2.0,7,0.01,2.4515842013573548,2.4918571751875755,-0.04027297383022077
0.0,1.0,0.1,1,0.12,2.4397986474649316,2.4230758484463824,0.016722799018549228
0.0,0.1,2.0,8,0.12,2.4974513511044627,2.6784500372119098,-0.18099868610744707
0.0,0.1,0.5,2,0.5,0.3291571899885096,0.4327586312078996,-0.10360144121938997
0.0,0.5,2.0,4,0.12,2.496809020900593,2.562504710423321,-0.06569568952272808
0.0,0.5,0.0,3,0.12,2.1918629700331325,2.231780745490089,-0.039917775456956406
0.0,0.0,0.0,2,0.5,2.5472788814174034,2.56103414173924,-0.013755260321836715
0.0,0.1,1.0,6,0.01,2.612366784442693,2.640189844065685,-0.027823059622991586
0.0,1.0,0.5,5,0.01,2.4951530880442654,2.372362733270483,0.12279035477378253
0.0,0.1,5.0,3,0.12,2.5683046095151543,2.6882985316356938,-0.1199939221205395
0.0,0.1,2.0,1,0.01,2.6713365170917274,2.54507419808257,0.1262623190091574
0.0,5.0,5.0,2,0.12,2.3444766348009134,2.5405284093216483,-0.19605177452073486
0.0,0.0,0.5,6,0.5,2.5714355945732232,2.5870823046201155,-0.01564671004689222
0.0,0.5,0.0,7,0.01,2.5802991112536255,2.5369823971930936,0.04331671406053195
0.0,5.0,0.1,2,0.01,2.0657416892600535,2.3092423591901343,-0.2435006699300808
0.0,5.0,1.0,8,0.12,2.5225072649268356,2.3614995701966413,0.16100769473019438
0.0,0.5,0.0,4,0.12,2.366324499603243,2.3250398228836437,0.04128467671959912
0.0,0.0,1.0,2,0.12,2.5891819787245143,2.5861627710413373,0.003019207683176983
0.0,0.1,0.1,9,0.01,2.620501921588947,2.6329072407313516,-0.012405319142404725
0.0,0.0,0.1,10,0.12,2.5951964051025374,2.5940182697534233,0.00117813534911404
0.0,5.0,2.0,1,0.01,2.4079499742173414,2.5445151165970312,-0.13656514237968986
0.0,0.5,0.0,8,0.01,2.4906859078871575,2.4352842139544184,0.05540169393273908
0.0,5.0,0.5,3,0.5,0.3503965416959673,0.06916276113783637,0.2812337805581309
0.0,0.1,5.0,4,0.12,2.6404865335460803,2.3907923761953604,0.24969415735071987
0.0,1.0,0.0,10,0.5,0.06734915871657504,0.06924353643323032,-0.0018943777166552794
0.0,5.0,0.0,6,0.01,2.419798420855587,2.310311970792164,0.10948645006342295
0.0,1.0,1.0,6,0.01,2.379789816732651,2.396187289432794,-0.016397472700143023
0.0,0.0,0.0,4,0.5,2.563406612069683,2.5403231393961256,0.02308347267355737
0.0,5.0,0.5,9,0.5,0.0658092498868047,0.4432474567235705,-0.3774382068367658
0.0,1.0,0.0,8,0.12,2.383285082529987,2.209890278263885,0.1733948042661022
0.0,2.0,1.0,6,0.12,2.2700127599567024,2.3853331076447004,-0.11532034768799804
0.0,0.1,0.1,7,0.5,0.06944848356876,0.06761276482195351,0.0018357187468064917
0.0,0.5,2.0,1,0.5,2.2396020839710147,2.1735062502761977,0.06609583369481697
0.0,0.0,2.0,4,0.12,2.5938421053446348,2.5914115770050983,0.0024305283395364974
0.0,5.0,0.0,1,0.01,2.4137696782824802,1.7740938451295674,0.6396758331529129
0.0,1.0,1.0,1,0.01,2.4811034112836556,2.149156921692561,0.33194648959109463
0.0,1.0,0.5,9,0.5,0.06744757210533173,0.06796162801221695,-0.0005140559068852191
0.0,0.5,0.0,6,0.5,0.07260064869611725,0.08197552635381185,-0.009374877657694597
0.0,2.0,1.0,1,0.12,2.20698454938979,2.3577646708815334,-0.15078012149174347
0.0,0.1,0.1,8,0.5,0.06700902404333059,0.07465193673966493,-0.007642912696334339
0.0,2.0,0.5,7,0.5,0.2263999613001737,0.5717913981232258,-0.34539143682305207
0.0,1.0,0.1,4,0.01,2.465919485553387,2.347324196125419,0.11859528942796782
0.0,5.0,2.0,5,0.01,2.3677171425151053,2.296099055261568,0.07161808725353724
0.0,0.1,0.5,4,0.12,2.3619284027975818,2.2177695312062173,0.14415887159136442
0.0,0.5,0.0,1,0.5,0.06632679665686536,0.06922250140482653,-0.002895704747961164
0.0,0.5,0.5,9,0.01,2.4294283973259265,2.4543469037619348,-0.024918506436008236
0.0,0.5,5.0,8,0.5,2.1589605024819774,2.3943074320436875,-0.2353469295617101
0.0,5.0,0.5,7,0.01,2.5721457186385566,2.297511850205368,0.2746338684331886
0.0,0.0,0.0,8,0.01,2.5888489567279045,2.591243565479798,-0.0023946087518935677
0.0,5.0,0.1,8,0.5,0.06604885024730388,0.06783896259152478,-0.0017901123442208983
0.0,0.1,5.0,1,0.5,2.474420056867754,2.5907793813059854,-0.11635932443823149
0.0,0.5,0.1,3,0.12,2.451950306840201,2.4327915025333073,0.01915880430689354
0.0,0.5,0.5,4,0.01,2.409198268178383,2.3734786238014145,0.03571964437696851
0.0,5.0,2.0,2,0.5,1.8033292707349249,2.1061584363696166,-0.30282916563469175
0.0,5.0,0.5,8,0.01,2.516183968865381,2.4668291401362437,0.049354828729137434
0.0,5.0,0.0,5,0.01,2.4399850763063546,2.342096180114838,0.09788889619151675
0.0,0.5,0.1,9,0.12,2.437956363259353,2.4444945672244374,-0.0065382039650843105
0.0,0.0,0.5,2,0.01,2.593852851096543,2.5920976086752336,0.001755242421309422
0.0,5.0,5.0,1,0.5,2.446474060689491,2.4625321777922404,-0.016058117102749403
0.0,1.0,0.5,4,0.12,2.5294559667738814,2.278746362178076,0.2507096045958055
0.0,2.0,0.5,10,0.5,0.48862934351974313,0.06735322414900567,0.42127611937073745
0.0,0.0,0.0,10,0.01,2.5942459181871196,2.5900584950095933,0.004187423177526295
0.0,0.1,0.5,6,0.5,0.3296340631306421,0.48829555597620244,-0.15866149284556036
0.0,0.1,2.0,2,0.12,2.592641084703989,2.5399279363700393,0.0527131483339498
0.0,2.0,0.0,2,0.01,2.472617689356389,1.9630997648771242,0.5095179244792647
0.0,0.1,2.0,4,0.5,2.261825272563728,1.7359437391778658,0.5258815333858622
0.0,0.0,0.0,6,0.5,2.5726203191009342,2.508529567184404,0.06409075191653013
0.0,2.0,0.0,5,0.12,2.382922677863015,2.3800075674453476,0.0029151104176672327
0.0,0.1,5.0,1,0.12,2.535839513110159,2.55106591216134,-0.015226399051181172
0.0,1.0,1.0,2,0.5,1.3636106817720073,1.1905731056619127,0.17303757611009463
0.0,0.1,0.1,1,0.01,2.6272280228163103,2.6244310643158215,0.0027969585004887776
0.0,0.5,2.0,2,0.01,2.379716590637828,2.53312781908716,-0.15341122844933164
0.0,0.1,0.5,1,0.5,0.35193054850269445,0.42375183800174465,-0.0718212894990502
0.0,2.0,0.1,1,0.5,0.07290409778104799,0.0653728624401309,0.007531235340917097
0.0,0.1,1.0,4,0.5,1.277163378213131,0.7216711329923593,0.5554922452207718
0.0,0.0,0.0,1,0.5,2.527415418278676,2.476026364543699,0.051389053734977264
0.0,0.5,5.0,1,0.01,2.5300577688172496,2.400897295967259,0.12916047284999044
0.0,0.5,0.1,10,0.01,2.5776362919071745,2.376151450424211,0.20148484148296353
0.0,0.5,1.0,5,0.12,2.465856855200138,2.4250732593816875,0.04078359581845037
0.0,2.0,0.5,10,0.12,2.1482987777124003,2.408872614555136,-0.2605738368427355
0.0,1.0,2.0,2,0.12,2.4829533141820077,2.5408925931898914,-0.05793927900788365
0.0,2.0,1.0,4,0.01,2.1226663102284133,2.2415391840170065,-0.11887287378859313
0.0,2.0,2.0,7,0.5,1.9756796910636591,2.063493248069547,-0.08781355700588778
0.0,1.0,2.0,4,0.5,2.302648592349659,2.1050488449915035,0.19759974735815566
0.0,0.1,1.0,7,0.01,2.6470451425928765,2.4400848967537834,0.20696024583909312
0.0,0.0,1.0,1,0.12,2.5918140934135407,2.5826192187005996,0.009194874712941115
0.0,1.0,5.0,1,0.12,2.356777531702106,2.1897478574936424,0.1670296742084636
0.0,0.0,5.0,10,0.5,2.5923333481051953,2.576137423402853,0.016195924702342435
0.0,1.0,2.0,3,0.12,2.3180587000097863,2.0960924004653982,0.22196629954438807
0.0,5.0,0.0,4,0.5,0.07233423190508606,0.06681355122016233,0.005520680684923729
0.0,2.0,2.0,8,0.5,2.152326295731293,2.0642344903382885,0.08809180539300465
0.0,5.0,0.5,6,0.12,2.2684761070233392,2.559617428233117,-0.291141321209778
0.0,0.5,0.0,3,0.01,2.335141695421046,2.3596769945462563,-0.02453529912521013
0.0,2.0,1.0,8,0.5,1.3367398746718988,1.8251836809191309,-0.48844380624723205
0.0,0.0,5.0,6,0.01,2.591284178566685,2.5940985461381487,-0.002814367571463805
0.0,0.5,0.5,10,0.12,2.3362225963195287,2.3758302091395405,-0.039607612820011795
0.0,5.0,5.0,2,0.01,2.2241216864133455,2.1680163248097726,0.056105361603572934
0.0,5.0,1.0,4,0.12,2.185469022987953,2.4160695725331216,-0.2306005495451684
0.0,5.0,5.0,5,0.12,2.443498173811479,2.3044315197951812,0.1390666540162977
0.0,2.0,5.0,3,0.5,2.3294075061070827,2.2206673450280037,0.10874016107907902
0.0,1.0,1.0,7,0.01,2.4334128872539527,2.362861818354205,0.07055106889974772
0.0,0.0,1.0,2,0.01,2.58832306951726,2.594735073460734,-0.006412003943474076
0.0,2.0,5.0,9,0.5,2.309244480402871,2.4671900545717302,-0.15794557416885935
0.0,1.0,0.0,7,0.01,2.280422320766582,2.497991076272186,-0.21756875550560428
0.0,2.0,5.0,4,0.5,2.394661353684177,2.1553001802407867,0.23936117344339047
0.0,0.0,0.0,2,0.01,2.586797946114871,2.5924621166059825,-0.005664170491111342
0.0,1.0,0.0,4,0.12,2.5227935357698024,2.414644433404954,0.1081491023648482
0.0,0.0,2.0,9,0.01,2.589210757993318,2.5894460488167024,-0.00023529082338447083
0.0,0.1,0.0,6,0.5,0.06701504432025455,0.06941697697978905,-0.002401932659534492
0.0,0.1,5.0,7,0.5,2.395993933055721,2.5108348719945455,-0.11484093893882452
0.0,0.5,5.0,3,0.5,2.4032998088786486,2.5378233443036216,-0.13452353542497297
0.0,0.0,0.1,1,0.5,2.5494427601675045,2.520631429011237,0.02881133115626744
0.0,2.0,0.5,3,0.5,0.32214286358300015,0.4580530273949302,-0.13591016381193005
0.0,0.1,2.0,6,0.12,2.609268357031264,2.5947964185979555,0.014471938433308296
0.0,5.0,0.1,3,0.5,0.06750999330640496,0.06564811780941317,0.0018618754969917939
0.0,0.1,0.0,1,0.5,0.06685226037880097,0.0677679065524279,-0.0009156461736269245
0.0,0.1,5.0,8,0.5,2.482200685243862,2.4611395091529027,0.021061176090959144
0.0,5.0,0.0,6,0.5,0.06644583365514643,0.06572455709261868,0.0007212765625277534
0.0,0.5,1.0,10,0.5,1.2546751936267098,1.7534651209066225,-0.4987899272799128
0.0,0.5,5.0,2,0.12,2.4501717814761563,2.4788757091130567,-0.028703927636900328
0.0,0.5,0.1,2,0.01,2.4469062872060783,2.447074857450572,-0.0001685702444937931
0.0,5.0,2.0,6,0.12,2.195309031261007,2.3210347233053796,-0.12572569204437256
0.0,0.5,1.0,8,0.12,2.3796824873217854,2.4310133838008983,-0.05133089647911282
0.0,2.0,0.0,10,0.12,2.304753403552093,2.1689007366525472,0.13585266689954567
0.0,5.0,0.1,4,0.5,0.06723401732627692,0.06995733062831526,-0.0027233133020383438
0.0,0.1,5.0,7,0.12,2.4917506547120643,2.566618990222478,-0.07486833551041361
0.0,0.0,2.0,8,0.5,2.584572119826101,2.587891884116628,-0.0033197642905267166
0.0,0.1,0.5,7,0.5,0.6596233598056133,0.13756358790413073,0.5220597719014826
0.0,5.0,2.0,1,0.12,2.423143266803976,2.223505652400985,0.19963761440299077
0.0,0.5,0.0,8,0.12,2.4016449657822254,2.370457570723401,0.031187395058824396
0.0,2.0,0.1,7,0.5,0.0716285373539993,0.06960807410876296,0.0020204632452363314
0.0,5.0,0.5,4,0.01,2.4851060022178424,2.4973086590527855,-0.012202656834943149
0.0,0.1,1.0,5,0.5,1.0891185356498494,1.0130643648677367,0.07605417078211274
0.0,0.0,0.0,7,0.5,2.5405357927829293,2.565257398999027,-0.024721606216097758
0.0,0.0,0.1,5,0.5,2.5740678534175023,2.5390227371374037,0.035045116280098654
0.0,0.1,5.0,8,0.12,2.5560478208566626,2.5660055167650064,-0.009957695908343833
0.1,0.1,0.0,10,0.12,2.224707810667628,2.512926414496762,-0.2882186038291339
0.1,0.0,0.0,2,0.12,2.585424700428249,2.5942515411164146,-0.008826840688165749
0.1,2.0,0.0,1,0.5,0.06775684104211227,0.06711388042791916,0.000642960614193111
0.1,5.0,1.0,1,0.01,2.3751881192808963,2.3466244348298777,0.028563684451018645
0.1,2.0,0.5,9,0.01,2.0425086750358936,2.0996202052141935,-0.05711153017829984
0.1,0.0,2.0,7,0.01,2.589417457462396,2.590182003181315,-0.0007645457189191518
0.1,1.0,5.0,3,0.12,2.217186794513622,2.437453454733737,-0.2202666602201151
0.1,1.0,0.1,3,0.01,2.491277580880762,2.410904731483336,0.08037284939742584
0.1,0.5,0.5,5,0.12,2.4586561390125166,2.4898918719595584,-0.03123573294704185
0.1,5.0,0.5,2,0.12,2.4060181962526794,2.397234247410389,0.008783948842290279
0.1,2.0,0.5,4,0.01,2.4094595023517544,2.55695867149958,-0.14749916914782535
0.1,0.0,2.0,4,0.12,2.5912081896482473,2.5957542705167973,-0.004546080868550018
0.1,0.1,2.0,5,0.01,2.582763279739134,2.707661356926048,-0.12489807718691415
0.1,5.0,0.1,4,0.01,2.3541991035718635,2.417966971267673,-0.06376786769580933
0.1,1.0,1.0,1,0.01,2.3157315866892074,2.018256249514584,0.29747533717462327
0.1,1.0,5.0,9,0.12,2.4612105286143025,2.5378047002306867,-0.07659417161638427
0.1,5.0,5.0,8,0.01,2.5293717742880033,2.3696963671390576,0.15967540714894568
0.1,2.0,2.0,5,0.5,1.592388951571211,1.733189797003093,-0.14080084543188187
0.1,1.0,5.0,4,0.12,2.4614191947933697,2.457617335008815,0.0038018597845548285
0.1,2.0,0.5,7,0.5,0.6614296672036883,0.3461514043902102,0.31527826281347815
0.1,0.0,0.0,7,0.01,2.5930456081820306,2.5905495346879137,0.002496073494116846
0.1,0.0,0.1,5,0.01,2.5884498101448323,2.5928524659122067,-0.004402655767374419
0.1,0.0,0.0,9,0.12,2.591726857027549,2.5888009902853435,0.0029258667422054074
0.1,0.1,5.0,6,0.5,2.542664836461195,2.4888849660467516,0.05377987041444321
0.1,0.0,1.0,8,0.01,2.588757608677906,2.5933499829559286,-0.004592374278022504
0.1,2.0,0.0,1,0.12,2.309535750181199,2.3698054796589254,-0.060269729477726575
0.1,0.1,2.0,2,0.5,2.09607189746743,1.7655163298184424,0.3305555676489875
0.1,0.0,0.0,4,0.12,2.593950332715807,2.594236205850402,-0.0002858731345951604
0.1,2.0,0.1,8,0.01,2.1412887924663795,1.9522875868064653,0.18900120565991418
0.1,5.0,0.1,8,0.5,0.07009530808879916,0.06709794762800746,0.002997360460791701
0.1,0.5,0.1,3,0.12,2.3328565921586146,2.3716350944060762,-0.0387785022474616
0.1,0.1,0.1,10,0.5,0.06671882053792098,0.08520960525882448,-0.0184907847209035
0.1,1.0,0.5,7,0.01,2.4424943366813676,2.414775527106619,0.027718809574748704
0.1,0.5,5.0,7,0.12,2.2391393326656917,2.5578939827531793,-0.3187546500874876
0.1,0.5,1.0,1,0.12,2.4768018301038084,2.3301154522415195,0.14668637786228889
0.1,0.5,0.1,7,0.01,2.2452814737367093,2.4292862106849884,-0.18400473694827912
0.1,0.5,0.5,7,0.5,0.2649937438025685,0.5521139617301873,-0.2871202179276188
0.1,2.0,5.0,10,0.12,2.4605048401939493,2.513598641936222,-0.05309380174227263
0.1,1.0,0.5,4,0.12,2.5440053202619173,2.3338507932772,0.21015452698471737
0.1,0.0,2.0,1,0.5,2.573434336153302,2.567107346458711,0.006326989694590779
0.1,5.0,0.1,10,0.5,0.06591383745367457,0.06714762230799866,-0.0012337848543240854
0.1,1.0,0.0,5,0.01,2.2765561704207142,2.4943634125791676,-0.21780724215845337
0.1,0.5,0.1,8,0.01,2.2182659337005908,2.4782792707279433,-0.2600133370273525
0.1,0.0,1.0,1,0.5,2.5609257023440577,2.573781482074808,-0.01285577973075025
0.1,0.5,5.0,6,0.01,2.5587250395137096,2.485511212233741,0.0732138272799685
0.1,5.0,0.0,2,0.5,0.06677823407097078,0.0657687865279168,0.0010094475430539734
0.1,5.0,0.5,10,0.01,2.348259272617377,2.3325240043748012,0.015735268242575984
0.1,5.0,1.0,3,0.5,1.3747871259305817,1.4732629172343836,-0.09847579130380191
0.1,0.0,0.1,2,0.12,2.5937779323524834,2.586816118780212,0.006961813572271325
0.1,0.1,1.0,4,0.5,1.3746332559650092,1.305136241337925,0.06949701462708413
0.1,0.1,5.0,5,0.5,2.4769979569476437,2.3725583781452366,0.10443957880240706
0.1,0.0,0.5,9,0.01,2.594384076387081,2.5933158472761475,0.0010682291109334052
0.1,2.0,0.0,3,0.01,2.4156741420862384,2.368730458850239,0.04694368323599951
0.1,2.0,1.0,9,0.01,2.2984335410453633,2.5933178185902444,-0.294884277544881
0.1,1.0,0.1,8,0.12,2.4436100340173694,2.30386195993863,0.13974807407873957
0.1,1.0,0.5,10,0.01,2.5328123001456335,2.5287752701346586,0.004037030010974885
0.1,5.0,2.0,4,0.5,2.1136989639445907,2.245303516164154,-0.13160455221956324
0.1,0.1,0.0,2,0.12,2.4220270770743957,2.435802792146665,-0.013775715072269268
0.1,0.5,5.0,10,0.12,2.3068546418418863,2.490660300697661,-0.18380565885577482
0.1,5.0,1.0,9,0.5,1.3637569229957391,1.2444645512237342,0.11929237177200491
0.1,5.0,0.0,3,0.5,0.06698664959954606,0.06689940151116136,8.724808838470044e-5
0.1,5.0,5.0,1,0.12,2.429794461471984,2.382514235961221,0.04728022551076316
0.1,1.0,1.0,3,0.5,1.7989071990785455,1.1312672959605952,0.6676399031179503
0.1,0.0,2.0,1,0.12,2.5944088481722365,2.586094728377457,0.008314119794779362
0.1,0.5,1.0,5,0.12,2.360855210078866,2.582075651006431,-0.22122044092756532
0.1,0.5,0.5,10,0.5,0.2463468017695677,0.06958697821456893,0.17675982355499875
0.1,0.5,2.0,3,0.01,2.4706706720334437,2.3221443926111305,0.14852627942231322
0.1,0.1,0.0,4,0.5,0.0723520781385012,0.06692032612507953,0.005431752013421665
0.1,5.0,2.0,3,0.12,1.9958767604906524,2.276370443158138,-0.28049368266748576
0.1,0.0,0.0,6,0.12,2.588509570126399,2.58707748425993,0.001432085866469368
0.1,0.5,1.0,3,0.01,2.4857618056220065,2.306241873418458,0.17951993220354856
0.1,1.0,1.0,2,0.12,2.3033397416802726,2.4739225226244175,-0.17058278094414492
0.1,5.0,2.0,7,0.01,2.40174814800883,1.9313279490395043,0.47042019896932574
0.1,5.0,2.0,9,0.12,2.2027296489922317,2.404912912241513,-0.20218326324928126
0.1,0.1,5.0,2,0.01,2.613544879701397,2.5516238837482863,0.06192099595311085
0.1,1.0,1.0,4,0.5,1.1767676599656356,1.2268504025491458,-0.0500827425835102
0.1,2.0,5.0,2,0.5,2.550403768307649,1.9408743354421047,0.6095294328655441
0.1,0.1,1.0,8,0.01,2.537155494317843,2.677031877826548,-0.1398763835087049
0.1,1.0,0.0,2,0.12,2.134907237267687,2.2384288436325006,-0.10352160636481367
0.1,5.0,1.0,7,0.01,2.478192607221237,2.4543091138074047,0.023883493413832113
0.1,5.0,1.0,9,0.12,2.1418318158969747,2.506254129212069,-0.3644223133150941
0.1,0.0,0.5,8,0.5,2.5637793150150534,2.5792737491092574,-0.015494434094204035
0.1,0.0,0.0,5,0.5,2.5529378208832134,2.543779204361529,0.009158616521684593
0.1,1.0,0.5,6,0.12,2.3141390915795457,2.3906289469301747,-0.07648985535062902
0.1,2.0,2.0,7,0.12,2.383425696204155,2.4757014094006604,-0.0922757131965053
0.1,0.0,2.0,5,0.12,2.5769551771216435,2.5872329033504355,-0.010277726228792083
0.1,0.0,5.0,1,0.01,2.5920435463807703,2.595526425343389,-0.003482878962618674
0.1,0.1,5.0,9,0.01,2.620889366003125,2.6174531013292763,0.0034362646738488323
0.1,0.5,1.0,7,0.5,1.6250871268938751,0.6857935931737231,0.939293533720152
0.1,0.0,5.0,10,0.12,2.5945352042385226,2.5936164850394277,0.0009187191990949195
0.1,1.0,0.5,1,0.12,2.4950526186770134,2.302641831383824,0.1924107872931895
0.1,1.0,5.0,2,0.01,2.3916969878842353,2.4082193111282093,-0.016522323243973958
0.1,2.0,2.0,8,0.12,2.541009519102238,1.8929161555034142,0.6480933635988237
0.1,2.0,5.0,9,0.5,2.323883506878228,2.477608863179175,-0.15372535630094664
0.1,1.0,5.0,5,0.12,2.2725997499077586,2.3347274249022405,-0.06212767499448191
0.1,2.0,1.0,10,0.5,0.9842790293229577,1.5352335997945787,-0.550954570471621
0.1,1.0,0.0,7,0.01,2.4865446472031443,2.2216302653865845,0.2649143818165598
0.1,1.0,0.0,9,0.12,2.4242942640896112,2.304518356242011,0.1197759078476004
0.1,0.5,5.0,2,0.5,2.3278691627906234,2.3846033056849274,-0.05673414289430401
0.1,0.1,1.0,6,0.5,1.4030224161167113,1.3865711315915663,0.016451284525144994
0.1,2.0,0.1,2,0.01,2.490720033721423,2.3806278078887195,0.1100922258327035
0.1,0.0,0.1,6,0.5,2.552392010860042,2.5557175379609243,-0.0033255271008822973
0.1,0.5,0.0,7,0.5,0.06820882166909663,0.06653410384072383,0.0016747178283727931
0.1,0.0,0.0,5,0.12,2.5961639418767213,2.595005640610098,0.0011583012666234183
0.1,1.0,5.0,3,0.01,2.183601164108224,2.5006126594916305,-0.31701149538340667
0.1,2.0,5.0,3,0.12,2.4574704898375423,2.082868341237437,0.37460214860010543
0.1,0.5,0.5,5,0.01,2.2171376040954525,2.338192011333055,-0.12105440723760275
0.1,0.0,0.1,1,0.5,2.5409904004730124,2.561834038438864,-0.020843637965851425
0.1,5.0,5.0,4,0.01,2.366319757076984,2.351743689485092,0.014576067591892006
0.1,0.0,2.0,4,0.01,2.5851694079234537,2.5911007225700975,-0.005931314646643759
0.1,5.0,2.0,1,0.5,2.3144890275524133,1.9975837773428666,0.31690525020954663
0.1,0.5,0.0,8,0.5,0.06817128219449471,0.06915451712084801,-0.0009832349263532991
0.1,0.1,2.0,6,0.12,2.5945798556748345,2.5380269563653535,0.05655289930948104
0.1,0.0,0.0,3,0.01,2.5912868297280425,2.5940465650591737,-0.0027597353311312744
0.1,5.0,0.1,3,0.5,0.06621451937158307,0.06744668224527653,-0.0012321628736934598
0.1,2.0,1.0,1,0.01,2.3488089458121926,2.425450469203427,-0.07664152339123431
0.1,2.0,0.1,9,0.01,2.287542628936632,2.387283838372919,-0.09974120943628728
0.1,0.0,5.0,5,0.01,2.5891628133541773,2.5934976004130386,-0.004334787058861256
0.1,5.0,0.5,3,0.01,2.320337651523706,2.3574691493664055,-0.037131497842699535
0.1,0.1,2.0,1,0.12,2.7040719032612386,2.5793313954834396,0.12474050777779899
0.1,0.0,0.1,6,0.12,2.592901893233657,2.5915314415182173,0.0013704517154398133
0.1,1.0,0.1,3,0.5,0.06660578047594426,0.06644150661092073,0.00016427386502353147
0.1,5.0,2.0,6,0.12,2.4180166310935136,2.4777631305413412,-0.05974649944782762
0.1,2.0,0.0,10,0.12,2.4355775159444697,2.398916894155898,0.03666062178857166
0.1,0.1,2.0,5,0.5,2.1165432522501395,2.115299054762383,0.0012441974877566153
0.1,0.0,0.0,4,0.01,2.5934448837611606,2.591329925894172,0.002114957866988565
0.1,5.0,0.1,4,0.5,0.06810312233131617,0.06735021457857165,0.0007529077527445166
0.1,0.1,0.0,6,0.12,2.360931544768497,2.3397832526082722,0.021148292160224624
0.1,0.1,5.0,7,0.12,2.6334111173745542,2.740911315671848,-0.10750019829729363
0.1,0.5,2.0,1,0.01,2.4892384816200157,2.4675857429818477,0.021652738638167968
0.1,0.0,0.1,1,0.12,2.5916683400107203,2.5880277840594736,0.0036405559512466823
0.1,0.1,0.1,9,0.12,2.4191636858027334,2.4219181819848408,-0.0027544961821073244
0.1,5.0,1.0,6,0.12,2.2440906376270178,2.2924871925716683,-0.04839655494465056
0.1,0.5,2.0,10,0.12,2.241080263709772,2.5777921498699667,-0.33671188616019476
0.1,1.0,0.1,2,0.12,2.4900591102021012,2.316158755305072,0.17390035489702926
0.1,0.5,0.0,8,0.12,2.5218370735001794,2.3536729567616947,0.16816411673848464
0.1,5.0,0.1,3,0.12,2.3207457043852804,2.3163671982210574,0.004378506164222973
0.1,0.0,0.1,5,0.5,2.526417132483088,2.554431388774121,-0.028014256291033046
0.1,0.1,0.0,1,0.12,2.3584792291176266,2.5026245851677005,-0.14414535605007384
0.1,0.5,5.0,7,0.01,2.5158438472475084,2.3925525338450653,0.12329131340244315
0.1,0.5,1.0,1,0.01,2.4733905714420295,2.4934592163699927,-0.02006864492796323
0.1,2.0,0.5,9,0.12,2.4339343066109755,2.438711974362947,-0.004777667751971304
0.1,5.0,0.1,7,0.01,2.2597268660217824,2.355994765037712,-0.0962678990159298
0.1,0.0,0.5,5,0.01,2.587348057503866,2.5917538294213265,-0.004405771917460388
0.1,0.0,0.0,8,0.5,2.516068585961998,2.5235237553592635,-0.0074551693972657596
0.1,0.5,0.0,1,0.01,2.404899997714414,2.4155581256979715,-0.010658127983557364
0.1,0.5,0.0,10,0.12,2.378950152067024,2.44591546366636,-0.06696531159933583
0.1,1.0,1.0,1,0.12,2.428356779821376,2.108865495602458,0.3194912842189179
0.1,0.1,5.0,1,0.01,2.508976022438438,2.5210709164555962,-0.012094894017158353
0.1,0.1,0.1,10,0.01,2.53253287804006,2.5739187729905795,-0.041385894950519475
0.1,0.1,1.0,5,0.12,2.481424541775347,2.394198523508431,0.08722601826691578
0.1,0.5,2.0,5,0.01,2.3342382083719,2.342635243733785,-0.008397035361884964
0.1,2.0,0.1,10,0.5,0.07849097620771135,0.06636064422691577,0.012130331980795578
0.1,0.0,0.0,10,0.5,2.5510184952525434,2.5423375700562176,0.008680925196325795
0.1,1.0,2.0,5,0.12,2.465549287144976,2.3135755437069427,0.15197374343803327
0.1,2.0,0.1,6,0.01,2.2541159269529762,2.4983121992786446,-0.24419627232566832
0.1,0.1,0.1,1,0.5,0.06793362751088573,0.09527798289090016,-0.027344355380014423
0.1,0.1,0.0,3,0.01,2.506589115527805,2.5538925022724452,-0.047303386744640186
0.1,0.0,1.0,10,0.12,2.59152810672634,2.5879427483883584,0.003585358337981681
0.1,1.0,1.0,2,0.01,2.449030636766627,2.2508902328777984,0.1981404038888286
0.1,2.0,1.0,9,0.5,1.7579175029879823,1.8959942044713523,-0.13807670148336992
0.1,1.0,1.0,5,0.12,2.4113649240388186,2.2760271967055026,0.13533772733331606
0.1,5.0,2.0,9,0.01,2.30580880870286,2.34727430298217,-0.04146549427931001
0.1,0.1,1.0,4,0.01,2.6136401273288317,2.6281682560991513,-0.014528128770319615
0.1,0.1,5.0,5,0.01,2.608099497221275,2.723352314291176,-0.11525281706990098
0.1,5.0,0.1,1,0.5,0.06551433777706091,0.06706204833368226,-0.001547710556621354
0.1,2.0,2.0,3,0.12,2.5163667708362367,2.4898448648106104,0.02652190602562632
0.1,0.0,0.5,4,0.5,2.5810224929696064,2.555840448837811,0.02518204413179559
0.1,2.0,5.0,5,0.5,2.319221157553512,2.3556205270247266,-0.03639936947121436
0.1,1.0,0.0,5,0.12,2.432275473572376,2.424646743502687,0.007628730069689116
0.1,0.1,0.0,4,0.01,2.6064117215479032,2.699211763028767,-0.09280004148086363
0.1,1.0,0.5,6,0.01,2.2314603776924216,2.439275416791206,-0.2078150390987843
0.1,2.0,1.0,3,0.12,2.0574569338617033,2.49907445643989,-0.44161752257818687
0.1,0.5,1.0,3,0.5,1.6436134806904446,1.3618329406121152,0.2817805400783293
0.1,1.0,0.1,1,0.5,0.06552173896154692,0.06953825802903883,-0.004016519067491911
0.1,5.0,1.0,4,0.01,2.3927406339073163,1.970802074847593,0.42193855905972333
0.1,1.0,2.0,4,0.01,2.401573203117209,2.4922640165858274,-0.09069081346861863
0.1,5.0,0.0,9,0.01,2.2096764274976457,2.2768462739308526,-0.06716984643320689
0.1,5.0,0.1,6,0.12,2.1609400973845685,2.4957515505619376,-0.33481145317736916
0.1,1.0,0.5,1,0.01,2.185841022555282,2.122217907773951,0.06362311478133087
0.1,0.5,0.1,10,0.12,2.4185511496118703,2.1918743832448273,0.22667676636704304
0.1,5.0,2.0,8,0.5,2.3176179254352762,2.1740073040654244,0.1436106213698518
0.1,0.5,0.5,1,0.5,0.35957770842468606,0.21540210442073146,0.1441756040039546
0.1,0.5,2.0,3,0.12,2.4719404376269254,2.4953365923669355,-0.02339615474001011
0.1,0.1,5.0,3,0.5,2.5025893818733684,2.5717124458815372,-0.06912306400816881
0.1,0.5,5.0,5,0.5,2.4598334114741482,2.246428636087102,0.21340477538704627
0.1,2.0,0.0,7,0.01,2.461028484402734,2.3431297330701835,0.11789875133255068
0.1,0.1,0.0,8,0.5,0.06718074486436329,0.06741420295090453,-0.00023345808654123834
0.1,0.0,0.5,8,0.01,2.589234019855992,2.5938964675985234,-0.004662447742531217
0.1,2.0,1.0,8,0.01,2.0811413763183935,2.274921141850169,-0.19377976553177545
0.1,0.1,1.0,7,0.12,2.5530990770701405,2.6004933449468086,-0.04739426787666812
0.1,5.0,1.0,8,0.5,0.5008218078603396,1.13624620969379,-0.6354244018334504
0.1,2.0,5.0,3,0.01,2.472399261264854,2.2188151706936203,0.25358409057123366
0.1,0.1,1.0,10,0.5,1.6198143618930412,1.5961856110628032,0.023628750830237966
0.1,2.0,0.0,8,0.01,2.3636091739452874,2.433643471691342,-0.07003429774605463
0.1,0.1,0.5,2,0.5,0.21391150739621562,0.06818855927838471,0.1457229481178309
0.1,0.1,0.0,7,0.12,2.29376545563628,2.3740399386432243,-0.0802744830069444
0.1,0.1,5.0,4,0.5,2.512384254475272,2.491465275611622,0.02091897886365013
0.1,1.0,1.0,8,0.5,1.7241138684869468,0.969001236481807,0.7551126320051398
0.1,0.5,0.0,3,0.12,2.4295977231489445,2.4020358349131583,0.027561888235786203
0.1,0.0,0.1,8,0.12,2.593329669604065,2.5899570764858075,0.0033725931182573277
0.1,0.1,0.0,10,0.5,0.06748549426716798,0.06798526589561073,-0.0004997716284427522
0.1,0.0,2.0,9,0.5,2.590623614641911,2.5861031531258964,0.0045204615160145956
0.1,5.0,1.0,10,0.5,1.6871965991676,0.6165166067753903,1.0706799923922095
0.1,0.0,0.1,6,0.01,2.5897179378256525,2.5942746875399614,-0.004556749714308861
0.1,5.0,5.0,2,0.12,2.3499237426680692,2.31213784162997,0.0377859010380992
0.1,0.5,0.0,7,0.01,2.5198222413270863,2.515989657979184,0.003832583347902485
0.1,2.0,5.0,4,0.01,2.363106604051683,2.309271505182574,0.0538350988691092
0.1,0.0,2.0,2,0.12,2.5892702842235664,2.595589650671196,-0.0063193664476295375
0.1,0.1,0.0,8,0.12,2.2370277332383672,2.370248890411804,-0.13322115717343674
0.1,0.5,0.5,5,0.5,0.06623916026518538,0.06623199197872942,7.168286455958017e-6
0.1,5.0,0.0,7,0.12,2.0185905872543746,2.5229854151179154,-0.5043948278635408
0.1,0.0,2.0,4,0.5,2.5905982442968463,2.592451335750263,-0.001853091453416944
0.1,1.0,2.0,8,0.12,2.4405071452586315,2.2387215027144785,0.2017856425441531
0.1,0.0,1.0,9,0.5,2.534414036754307,2.5580463883960625,-0.023632351641755367
0.1,0.1,5.0,7,0.01,2.631267942020819,2.6516955305509113,-0.02042758853009241
0.1,0.5,0.0,4,0.12,2.446625161539614,2.17731623590791,0.2693089256317043
0.1,0.1,0.5,9,0.5,0.1569827510158334,0.1585383572105179,-0.0015556061946845057
0.1,1.0,2.0,6,0.01,2.20912264621768,2.361498585627365,-0.15237593940968486
0.1,1.0,0.1,2,0.01,2.446411793140761,2.3905891759775515,0.055822617163209465
0.1,5.0,0.1,3,0.01,2.3878926286815383,2.4375296973301634,-0.04963706864862516
0.1,0.0,5.0,5,0.5,2.5920952500951384,2.594987349878063,-0.0028920997829247064
0.1,0.1,5.0,4,0.12,2.6271048314574355,2.693393640297138,-0.06628880883970245
0.1,0.5,2.0,6,0.5,2.276151303263245,1.9013403038393495,0.37481099942389573
1.0,0.0,0.5,3,0.5,2.5571519068480817,2.5743971499752,-0.017245243127118393
1.0,2.0,1.0,3,0.5,0.7680522019668983,1.5280305310023876,-0.7599783290354893
1.0,0.0,0.0,6,0.01,2.591228520588481,2.589412101429923,0.0018164191585579026
1.0,0.5,0.5,8,0.01,2.486659100646842,2.346131317160824,0.1405277834860179
1.0,1.0,5.0,1,0.01,2.5005504127689706,2.5508619898938063,-0.050311577124835694
1.0,1.0,5.0,10,0.12,2.5264257357736053,2.426869437602725,0.09955629817088019
1.0,5.0,0.5,8,0.12,2.168164317442184,2.4124525850738694,-0.24428826763168532
1.0,0.0,0.5,9,0.5,2.5719500674809965,2.580815667579126,-0.008865600098129534
1.0,5.0,1.0,3,0.01,2.3430875013646726,2.328194716441865,0.014892784922807767
1.0,1.0,1.0,5,0.12,2.4305948884029136,2.248986036131544,0.1816088522713697
1.0,5.0,2.0,9,0.01,2.4271060595998675,2.3056270656252846,0.12147899397458284
1.0,0.1,0.5,1,0.01,2.4813720808888946,2.6623846630151684,-0.1810125821262738
1.0,1.0,0.5,10,0.5,0.0668787192696136,0.20737609735076099,-0.14049737808114737
1.0,0.5,5.0,1,0.5,2.336918885671064,2.2677990239833137,0.0691198616877502
1.0,0.5,1.0,2,0.5,1.1749392993760421,1.6608684538633505,-0.48592915448730833
1.0,0.0,5.0,4,0.12,2.590164126254649,2.5914840894137225,-0.0013199631590734562
1.0,0.1,5.0,5,0.01,2.649696083841694,2.6456511396676627,0.00404494417403134
1.0,0.5,0.1,10,0.5,0.06513584499779142,0.0668174547400073,-0.0016816097422158865
1.0,0.1,2.0,7,0.5,1.9649284365970014,2.054679739683828,-0.08975130308682666
1.0,1.0,0.1,6,0.5,0.06542514007838032,0.06578900048568764,-0.0003638604073073204
1.0,0.5,0.5,10,0.01,2.4048790309062853,2.3828705975376034,0.022008433368681857
1.0,5.0,0.5,1,0.01,2.516526389556281,2.186647787167294,0.32987860238898703
1.0,0.0,0.5,3,0.12,2.5913334629026723,2.595982049037225,-0.004648586134552879
1.0,0.5,5.0,6,0.12,2.468604724647256,2.535455698130256,-0.06685097348300006
1.0,0.1,0.1,1,0.12,2.3072782478075373,2.4452349529721973,-0.13795670516465997
1.0,0.5,0.5,6,0.5,0.2470881053864223,0.1978499373223536,0.04923816806406872
1.0,0.0,0.5,7,0.01,2.592140753484421,2.591925215264074,0.00021553822034725556
1.0,0.1,1.0,8,0.5,0.7257707925134944,1.2703480183703852,-0.5445772258568908
1.0,2.0,0.5,1,0.12,2.511834479418629,2.399007017451496,0.11282746196713322
1.0,5.0,2.0,8,0.5,2.319786142192889,2.2161225905275774,0.10366355166531172
1.0,2.0,1.0,4,0.12,2.0947755837247155,2.1268537565872183,-0.03207817286250281
1.0,0.1,0.5,5,0.01,2.5389034145860596,2.5287356320042567,0.010167782581802953
1.0,0.5,1.0,4,0.5,1.365815746033498,1.6206924501054691,-0.25487670407197105
1.0,2.0,0.0,7,0.01,2.393392279192247,2.316558775817241,0.07683350337500627
1.0,2.0,0.1,5,0.01,2.3448295317222354,2.4653522488751456,-0.12052271715291019
1.0,0.0,0.5,8,0.01,2.5928375410286177,2.5929713227351563,-0.00013378170653854937
1.0,5.0,0.0,7,0.5,0.06627681857962638,0.06574341836572412,0.0005334002139022603
1.0,0.5,0.0,2,0.12,2.2901019470478627,2.4289219299521623,-0.13881998290429953
1.0,0.0,5.0,1,0.5,2.586062159590275,2.593968421350666,-0.007906261760391331
1.0,5.0,2.0,7,0.12,2.357378520293048,2.4133556213788707,-0.05597710108582277
1.0,1.0,5.0,2,0.5,2.44713430345223,2.313694635015628,0.13343966843660215
1.0,5.0,0.5,5,0.01,2.068451099490903,2.41788055050702,-0.3494294510161171
1.0,5.0,2.0,10,0.5,2.0306025056993335,1.600722318104408,0.42988018759492563
1.0,1.0,0.1,5,0.5,0.06693911732073754,0.06836756829550775,-0.0014284509747702068
1.0,5.0,0.0,8,0.5,0.07575123853276382,0.06564288594765406,0.010108352585109753
1.0,0.5,1.0,9,0.12,2.5425641922097784,2.4742381797622928,0.0683260124474856
1.0,0.1,1.0,8,0.12,2.46290117457768,2.4586640922162832,0.004237082361396638
1.0,2.0,5.0,9,0.01,2.201928377964647,2.5067391807040735,-0.30481080273942673
1.0,0.0,0.5,10,0.01,2.593954755511099,2.5962032653638345,-0.002248509852735392
1.0,5.0,5.0,9,0.5,2.1953951675239254,2.2893957284674027,-0.09400056094347731
1.0,0.0,0.5,6,0.5,2.5849713906771696,2.5697985892587463,0.015172801418423365
1.0,0.5,0.0,7,0.01,2.391663515917435,2.4958323673137897,-0.10416885139635479
1.0,0.5,0.1,5,0.01,2.4948396273726376,2.5540423368544296,-0.05920270948179196
1.0,0.5,0.0,9,0.12,2.5186021142095965,2.4276343968396357,0.09096771736996079
1.0,5.0,0.5,2,0.5,0.24902888220782582,0.06819548534683592,0.1808333968609899
1.0,5.0,0.0,7,0.12,2.2818135705383447,2.408294639487261,-0.12648106894891642
1.0,0.0,2.0,4,0.5,2.5776840880185428,2.58190282202865,-0.004218734010107195
1.0,0.0,1.0,9,0.5,2.571328332053069,2.5873447930678504,-0.01601646101478149
1.0,1.0,5.0,9,0.5,2.471413773118659,2.2807338939339976,0.19067987918466134
1.0,5.0,0.0,10,0.5,0.0680833094447935,0.06784029223949666,0.00024301720529684712
1.0,0.0,0.1,1,0.01,2.589261406567945,2.5877532389069926,0.0015081676609525196
1.0,2.0,0.0,6,0.5,0.06762532234192652,0.06769581367780031,-7.049133587379297e-5
1.0,5.0,1.0,6,0.01,2.4978950371943442,2.305598439510496,0.19229659768384844
1.0,5.0,2.0,1,0.01,2.227216364054366,2.3278209024474465,-0.10060453839308048
1.0,5.0,0.0,8,0.12,2.250254123675351,2.3755205861373825,-0.12526646246203166
1.0,2.0,2.0,6,0.12,2.2459356552427927,2.5521743762345555,-0.30623872099176275
1.0,0.5,0.1,2,0.5,0.06602717877443771,0.08446710709243907,-0.018439928318001356
1.0,0.0,0.0,2,0.12,2.5853265258183002,2.593808978910359,-0.008482453092058861
1.0,5.0,1.0,1,0.01,2.3724454289059573,2.320097508079278,0.052347920826679495
1.0,5.0,0.1,9,0.01,2.404620202237122,2.341339935042796,0.063280267194326
1.0,1.0,2.0,10,0.12,2.4036766916098706,2.2284913547911236,0.17518533681874704
1.0,0.0,0.5,6,0.12,2.590894222805918,2.5911861676206875,-0.0002919448147693515
1.0,0.1,0.1,7,0.5,0.0709346342937949,0.06758224868777557,0.0033523856060193313
1.0,0.5,0.1,3,0.5,0.06725343321005384,0.06588921870408804,0.0013642145059657995
1.0,0.5,0.0,10,0.01,2.430538952321623,2.4987036970303906,-0.06816474470876743
1.0,1.0,0.0,6,0.01,2.125951093053899,2.4733282586706085,-0.3473771656167095
1.0,1.0,1.0,1,0.01,2.2169945213408093,2.220093190815147,-0.0030986694743377896
1.0,0.1,0.5,7,0.01,2.6961278875185872,2.6957049784778215,0.00042290904076569547
1.0,0.5,5.0,7,0.5,2.490810321261667,2.203765520009859,0.28704480125180787
1.0,0.1,5.0,10,0.01,2.675991090861263,2.5969399362365815,0.07905115462468171
1.0,0.5,0.5,3,0.01,2.4940426467588908,2.4767508444341377,0.017291802324753025
1.0,1.0,0.5,2,0.12,2.0445705896313044,2.265178917827686,-0.22060832819638154
1.0,0.0,1.0,4,0.12,2.58604152225338,2.5894104125938866,-0.0033688903405066917
1.0,0.1,0.1,8,0.5,0.06879925183473382,0.06894603817470267,-0.0001467863399688546
1.0,5.0,0.1,7,0.5,0.06680825873128989,0.06673349209887386,7.476663241602621e-5
1.0,1.0,0.0,1,0.01,2.4668290304915894,2.367887208417347,0.0989418220742424
1.0,0.5,0.1,2,0.12,2.4729694281748853,2.1534957566534643,0.31947367152142103
1.0,2.0,0.1,4,0.12,2.1972713860178588,2.3094755450000926,-0.11220415898223379
1.0,2.0,0.0,1,0.12,2.3684394072933834,2.4410761155618865,-0.0726367082685031
1.0,0.5,0.5,9,0.01,2.5864649197715104,2.4425550901543867,0.14390982961712373
1.0,0.5,5.0,8,0.5,2.371194942439258,2.4161155186484353,-0.04492057620917711
1.0,2.0,0.5,8,0.5,0.7057949186886632,0.45365662220373826,0.2521382964849249
1.0,1.0,1.0,5,0.01,2.4011965580475625,2.2581419634936553,0.14305459455390723
1.0,0.1,0.5,10,0.01,2.7011752946840217,2.635035774958233,0.0661395197257888
1.0,0.5,5.0,10,0.5,2.5032913062172337,2.5066165431900425,-0.0033252369728087317
1.0,0.0,5.0,4,0.01,2.5862192625098976,2.5864932557442284,-0.0002739932343307494
1.0,2.0,1.0,5,0.12,2.031190013252712,2.268844223718273,-0.237654210465561
1.0,0.1,2.0,9,0.5,1.8358031280351852,2.038207794665783,-0.20240466663059764
1.0,0.5,1.0,5,0.5,1.162897525417655,1.3541669246645172,-0.19126939924686215
1.0,5.0,1.0,2,0.5,1.5761419595214545,0.43743861460065786,1.1387033449207966
1.0,0.0,0.0,10,0.01,2.5903112922284057,2.5919566572774504,-0.001645365049044667
1.0,1.0,2.0,2,0.5,2.368876647071984,1.6944451764245592,0.674431470647425
1.0,0.1,0.5,6,0.5,0.2474008747677888,0.07361198803551502,0.17378888673227377
1.0,5.0,2.0,3,0.5,2.0214740987760864,2.1934535134866704,-0.17197941471058398
1.0,2.0,0.1,6,0.5,0.06851286683216908,0.06637417238361631,0.002138694448552761
1.0,0.5,5.0,8,0.12,2.574606376358881,2.4518817770759784,0.12272459928290269
1.0,0.1,2.0,4,0.5,2.1785895253877863,1.9320718919888935,0.24651763339889277
1.0,2.0,0.5,8,0.12,2.5314399166521495,2.296270938114848,0.23516897853730168
1.0,1.0,5.0,1,0.5,2.5026715303284077,2.494856728060953,0.007814802267454901
1.0,2.0,0.0,5,0.12,2.362837348021559,2.3635550188901586,-0.0007176708685996402
1.0,5.0,0.1,8,0.12,2.4652523420774557,2.179248057317966,0.2860042847594899
1.0,5.0,0.0,2,0.5,0.06634993049714666,0.06542106268503976,0.0009288678121068955
1.0,0.0,0.1,9,0.5,2.5704499547447615,2.556274964043764,0.01417499070099737
1.0,0.1,1.0,2,0.12,2.333990171621078,2.4758429586660173,-0.14185278704493953
1.0,0.1,2.0,3,0.12,2.547198930137837,2.499426686232016,0.04777224390582102
1.0,1.0,0.1,8,0.12,2.285499198485819,2.2571986744642945,0.02830052402152461
1.0,0.5,5.0,1,0.01,2.301631587789771,2.4773838131159507,-0.17575222532617962
1.0,0.1,0.0,2,0.12,2.4230626379028823,2.3099332571163362,0.11312938078654611
1.0,5.0,0.0,3,0.5,0.06616772956082638,0.06644250614471023,-0.0002747765838838484
1.0,0.5,0.1,10,0.01,2.5115711821579403,2.296845777898529,0.21472540425941133
1.0,5.0,0.1,1,0.01,2.067433666904829,2.419349820241661,-0.3519161533368318
1.0,0.5,2.0,3,0.01,2.4336532698329143,2.531148444161614,-0.09749517432869981
1.0,0.0,0.5,4,0.01,2.5855395268842543,2.5929159296664728,-0.007376402782218516
1.0,2.0,0.0,9,0.01,2.3534807931450525,2.1499983710512987,0.2034824220937539
1.0,5.0,5.0,5,0.5,2.2748487729188036,2.240073859117196,0.0347749138016078
1.0,0.0,2.0,5,0.5,2.5892334482616044,2.583063313787752,0.006170134473852507
1.0,0.1,2.0,4,0.12,2.6423407161908643,2.4700431256132163,0.17229759057764804
1.0,0.5,0.0,2,0.01,2.3859281854987584,2.5251306445384936,-0.13920245903973516
1.0,0.1,1.0,7,0.01,2.6072015392334524,2.5308423611166333,0.07635917811681914
1.0,0.0,1.0,1,0.12,2.5894301676501583,2.5929531463632216,-0.003522978713063285
1.0,0.1,1.0,9,0.12,2.586716770173146,2.6052162463870747,-0.018499476213928556
1.0,0.1,0.0,3,0.12,2.3674487223869045,2.375648233816895,-0.008199511429990647
1.0,5.0,0.0,2,0.12,2.4717957116053855,2.435126535727012,0.03666917587837348
1.0,0.5,2.0,9,0.01,2.526949281541194,2.58312618488426,-0.05617690334306591
1.0,1.0,1.0,2,0.12,2.3274530290359143,2.449230939970383,-0.12177791093446855
1.0,5.0,1.0,3,0.12,2.328414488182253,2.34421215349302,-0.015797665310766984
1.0,0.1,5.0,2,0.01,2.522751446440318,2.552231955716729,-0.02948050927641077
1.0,0.0,1.0,5,0.5,2.5716230459527782,2.566702934267968,0.004920111684810102
1.0,0.5,0.1,1,0.5,0.06545460979480544,0.06575099362892203,-0.0002963838341165925
1.0,0.1,1.0,4,0.12,2.459562869493127,2.663869850549133,-0.2043069810560061
1.0,1.0,0.0,2,0.12,2.397770087207929,2.257903551743971,0.13986653546395766
1.0,5.0,2.0,4,0.12,2.2642084806504914,2.1686587262775707,0.09554975437292068
1.0,1.0,2.0,9,0.12,2.533125231235477,2.3413668910329775,0.1917583402024996
1.0,0.5,5.0,5,0.01,2.4469757952340223,2.5022760282509395,-0.05530023301691722
1.0,0.5,2.0,7,0.5,2.150481909745402,2.139887431377984,0.010594478367418336
1.0,0.1,2.0,10,0.01,2.543943808372478,2.7013508453737898,-0.15740703700131187
1.0,0.0,2.0,5,0.12,2.5946061548195325,2.584601886746812,0.010004268072720368
1.0,2.0,2.0,10,0.5,1.8982833994109602,2.428948464846376,-0.5306650654354159
1.0,0.0,0.5,7,0.12,2.5950072291128494,2.590846233022963,0.004160996089886293
1.0,2.0,5.0,9,0.5,2.318791835868909,2.1634227760111573,0.1553690598577515
1.0,1.0,5.0,5,0.12,2.461418130352681,2.2759091909649776,0.18550893938770363
1.0,1.0,0.0,9,0.12,2.292066187283757,2.2648284383634207,0.02723774892033637
1.0,2.0,2.0,6,0.01,2.381626700646391,2.26135987747432,0.12026682317207094
1.0,0.5,0.1,5,0.5,0.0971165862922706,0.06736257779023071,0.029754008502039894
1.0,0.0,1.0,3,0.01,2.591037037256158,2.592074238071594,-0.0010372008154360124
1.0,2.0,1.0,6,0.01,2.138850714251009,2.412362253980687,-0.2735115397296779
1.0,2.0,2.0,1,0.01,2.3102088542452366,2.3495673267202886,-0.039358472475051975
1.0,0.1,0.1,9,0.5,0.06938889936856997,0.06663341253286606,0.0027554868357039103
1.0,5.0,1.0,6,0.5,0.5072315662616532,0.904032748341482,-0.39680118207982873
1.0,5.0,5.0,4,0.01,2.385947325691686,2.522079881233991,-0.13613255554230497
1.0,2.0,0.0,8,0.12,2.3959001884478117,2.4260518862220697,-0.03015169777425797
1.0,1.0,0.1,2,0.5,0.0689298515158797,0.06652018786993791,0.0024096636459417925
1.0,0.0,0.0,3,0.01,2.5949420000477015,2.59365411894091,0.0012878811067915663
1.0,1.0,1.0,10,0.01,2.4275098207506907,2.2039966656111734,0.2235131551395173
1.0,2.0,1.0,1,0.01,2.3069616350667252,2.347683340582469,-0.04072170551574361
1.0,5.0,0.0,6,0.5,0.06723105304977607,0.06557707104862585,0.001653982001150217
1.0,1.0,0.5,2,0.01,2.4209482437396215,2.408692721298522,0.012255522441099398
1.0,1.0,5.0,4,0.01,2.4733239537688174,2.2317879953306305,0.24153595843818687
1.0,0.0,1.0,4,0.01,2.5928479500162207,2.5934553470733133,-0.0006073970570925624
1.0,5.0,1.0,1,0.5,1.1157023474455574,1.466424035559282,-0.3507216881137245
1.0,5.0,0.5,3,0.01,2.4174306463060025,2.2293039248514113,0.1881267214545912
1.0,1.0,2.0,1,0.5,2.237707590784789,1.7884607541349269,0.4492468366498621
1.0,0.1,2.0,1,0.12,2.58270769394502,2.622680312815332,-0.039972618870312004
1.0,1.0,0.0,10,0.01,2.424358169190436,2.553313198881728,-0.12895502969129202
1.0,2.0,0.5,2,0.12,2.3992035810798114,2.273933556308176,0.1252700247716354
1.0,0.1,0.1,3,0.12,2.3919868239318367,2.316870529652935,0.07511629427890165
1.0,2.0,0.5,4,0.5,0.4782090362657798,0.06573475247020821,0.4124742837955716
1.0,1.0,0.0,6,0.5,0.07145409793537243,0.0674481722821108,0.004005925653261633
1.0,5.0,0.0,1,0.5,0.06833952210699958,0.065637637135306,0.0027018849716935744
1.0,1.0,0.1,9,0.5,0.06513584499779142,0.06513584499779142,0.0
1.0,0.1,0.1,7,0.01,2.5768886176502996,2.6008636830332996,-0.023975065382999983
1.0,0.1,5.0,10,0.5,2.5943652713734524,2.450653579036016,0.14371169233743641
1.0,5.0,2.0,1,0.12,2.4007036543662945,2.321301421533877,0.07940223283241732
1.0,2.0,0.1,7,0.5,0.06552496957412061,0.06744482651402064,-0.0019198569399000304
1.0,0.0,0.0,7,0.5,2.5416918307338006,2.560290171238852,-0.018598340505051603
1.0,1.0,5.0,8,0.5,2.243807582679991,2.422682764595691,-0.1788751819157004
1.0,5.0,2.0,5,0.5,2.4331034207914746,2.0567639516044998,0.3763394691869748
1.0,0.5,1.0,10,0.12,2.247590259960943,2.436522339750877,-0.18893207978993365
1.0,2.0,0.5,7,0.01,2.4824665317131207,2.157097081755535,0.32536944995758565
1.0,0.5,0.5,9,0.5,0.39114632235320246,0.23689671332981482,0.15424960902338763
1.0,0.1,0.5,8,0.5,0.23771227168339001,0.9312876311039892,-0.6935753594205991
1.0,2.0,5.0,6,0.5,2.358340579526927,2.3751829758226033,-0.0168423962956763
1.0,0.5,5.0,8,0.01,2.440634510058355,2.3849437624282253,0.0556907476301296
1.0,5.0,5.0,8,0.12,2.3760390927627726,2.1384778209210933,0.2375612718416793
1.0,2.0,0.5,8,0.01,2.2167572177255463,2.4457937534645713,-0.22903653573902494
1.0,2.0,0.0,5,0.01,2.3253414128081005,2.5041569110863895,-0.17881549827828902
1.0,5.0,0.1,8,0.01,2.516440881122724,2.325451083778386,0.19098979734433774
1.0,0.0,1.0,10,0.5,2.5947174585866755,2.5866694859686983,0.008047972617977184
1.0,0.1,5.0,10,0.12,2.4076944626423464,2.6252053465722174,-0.21751088392987095
1.0,0.5,0.5,3,0.12,2.3226477773914076,2.3422347234433754,-0.019586946051967757
1.0,0.0,2.0,6,0.01,2.5955818679700737,2.5922869438345204,0.003294924135553323
1.0,0.1,1.0,5,0.12,2.5737068883816896,2.5653447169335357,0.008362171448153877
1.0,2.0,1.0,2,0.5,1.5692857976974015,1.292561639406887,0.27672415829051444
1.0,0.0,0.0,7,0.12,2.5852492140514207,2.587946569478721,-0.0026973554273004297
1.0,1.0,0.0,1,0.12,2.2372598869853437,2.2921352857987416,-0.05487539881339787
1.0,0.5,5.0,10,0.01,2.358168911799968,2.459516447171358,-0.10134753537138996
1.0,0.1,0.0,5,0.12,2.153763628140623,2.3936007043495318,-0.2398370762089086
1.0,0.1,2.0,9,0.01,2.549818608311041,2.610708918001818,-0.060890309690777134
2.0,0.1,5.0,3,0.5,2.5348328565098472,2.431334943063436,0.10349791344641135
2.0,2.0,1.0,4,0.12,2.3114690722357683,2.136038994026432,0.17543007820933632
2.0,2.0,0.0,7,0.01,2.4663404252572065,1.999980423361088,0.4663600018961185
2.0,0.1,2.0,8,0.12,2.6326624332483957,2.5807574102219153,0.05190502302648037
2.0,0.1,5.0,9,0.5,2.468365451239466,2.5810439480307803,-0.11267849679131414
2.0,5.0,2.0,7,0.12,2.3284267521382227,2.28285128307257,0.04557546906565291
2.0,0.1,1.0,10,0.5,1.2797635720499336,1.1283305212082588,0.1514330508416748
2.0,5.0,5.0,3,0.5,2.2352616017897313,2.17906680172782,0.056194800061911465
2.0,0.1,0.1,2,0.01,2.6514676755641258,2.5397700662357776,0.11169760932834816
2.0,0.1,2.0,6,0.01,2.493991044091914,2.6374597895028775,-0.14346874541096355
2.0,5.0,2.0,10,0.5,2.3058849500067806,1.6159166633745312,0.6899682866322494
2.0,0.1,0.0,7,0.12,2.306724294842301,2.466237389362268,-0.15951309451996742
2.0,0.5,2.0,4,0.12,2.394910648263674,2.4872748426617637,-0.09236419439808952
2.0,0.1,0.1,5,0.12,2.246486580135006,2.4188652972367413,-0.17237871710173547
2.0,2.0,0.1,2,0.5,0.06810994154377922,0.06727814802195212,0.0008317935218271066
2.0,0.1,1.0,8,0.12,2.585535533487941,2.5437882120817163,0.041747321406224724
2.0,2.0,5.0,9,0.01,2.4073156757548024,2.2614504990733697,0.14586517668143273
2.0,0.5,2.0,8,0.01,2.490871063249882,2.3876799796958057,0.10319108355407636
2.0,0.0,0.1,8,0.12,2.5928840064781182,2.5926872435023696,0.00019676297574866553
2.0,2.0,1.0,10,0.01,2.425828664558876,2.4840684548727077,-0.05823979031383164
2.0,0.0,0.1,6,0.01,2.583769039358533,2.585575922315783,-0.0018068829572497336
2.0,0.1,2.0,10,0.12,2.5712750681348324,2.568052037952188,0.0032230301826445817
2.0,0.1,0.1,3,0.01,2.64602740724277,2.7112277730946044,-0.06520036585183453
2.0,1.0,0.0,8,0.5,0.06730341329147267,0.06597765598014263,0.001325757311330042
2.0,0.5,0.5,5,0.5,0.22196213213502672,0.33473597167073327,-0.11277383953570655
2.0,5.0,0.0,7,0.12,1.758221484998471,2.493389709407255,-0.7351682244087838
2.0,1.0,1.0,7,0.12,2.325982064554558,2.3627360749513064,-0.03675401039674853
2.0,2.0,0.0,10,0.01,2.1896810882053037,2.274045123114912,-0.08436403490960842
2.0,1.0,5.0,9,0.5,2.241422173903131,2.3694996379147035,-0.1280774640115725
2.0,0.0,0.0,3,0.5,2.5351341081475867,2.5159615143967535,0.019172593750833133
2.0,1.0,0.1,2,0.01,2.0853464896965113,2.1159711094793994,-0.030624619782888107
2.0,5.0,2.0,1,0.01,2.475165840345492,2.502527078830771,-0.02736123848527905
2.0,2.0,0.1,9,0.5,0.06775238291195188,0.06720499194341269,0.0005473909685391881
2.0,5.0,0.5,3,0.5,0.20990953816775165,0.06556868223935831,0.14434085592839335
2.0,0.0,0.0,9,0.5,2.538800158858933,2.540183306166006,-0.0013831473070733402
2.0,0.0,0.0,2,0.12,2.594123928432732,2.5911163618511797,0.0030075665815525454
2.0,5.0,1.0,1,0.01,2.500303079826292,2.2573183057289414,0.24298477409735053
2.0,1.0,5.0,3,0.12,2.3267768644825932,2.130433535575718,0.19634332890687523
2.0,1.0,2.0,1,0.01,2.1183430301693686,2.1594855794910743,-0.04114254932170569
2.0,1.0,2.0,10,0.12,2.0749324462256213,2.4899622655851226,-0.41502981935950123
2.0,0.0,0.5,6,0.12,2.593626837773783,2.5949613632184043,-0.001334525444621537
2.0,5.0,0.5,2,0.12,2.419168774430186,2.1792905909835714,0.23987818344661482
2.0,0.5,0.0,10,0.01,2.5240098989044246,2.464408442098387,0.05960145680603768
2.0,0.0,1.0,7,0.01,2.594247417143109,2.592892070488779,0.0013553466543303472
2.0,5.0,0.0,10,0.12,2.469445288183314,2.2416475772126403,0.2277977109706737
2.0,5.0,5.0,8,0.01,2.363385433707087,2.14689850610584,0.2164869276012471
2.0,1.0,1.0,10,0.12,2.4818346881632305,2.2827966682495155,0.19903801991371495
2.0,0.0,2.0,8,0.01,2.586999681245602,2.588212524035307,-0.0012128427897049043
2.0,0.1,0.5,9,0.12,2.156867574024416,2.432952575355866,-0.27608500133144975
2.0,2.0,0.1,9,0.12,2.272164164416174,2.468902606399592,-0.19673844198341772
2.0,0.0,0.0,7,0.01,2.5922597924243753,2.5941241897989604,-0.0018643973745851028
2.0,0.0,0.0,9,0.12,2.5936429783571073,2.5940884896612775,-0.00044551130417014306
2.0,1.0,0.0,1,0.01,2.2203944877902964,2.422661937464878,-0.20226744967458155
2.0,2.0,0.0,1,0.12,2.3604929673440114,1.6840238749823047,0.6764690923617067
2.0,2.0,0.1,8,0.01,2.3302949336066137,2.2849610087389096,0.045333924867704045
2.0,5.0,0.5,9,0.12,2.4441603572110533,2.1535067775335732,0.29065357967748007
2.0,2.0,0.0,5,0.5,0.06687105449048016,0.06695765597351577,-8.66014830356171e-5
2.0,0.0,0.1,2,0.5,2.5618041272398853,2.5322366491274697,0.029567478112415557
2.0,5.0,0.5,4,0.12,2.4560708392029658,2.3294061450596306,0.12666469414333514
2.0,1.0,0.5,7,0.01,2.532099136894808,2.4261595544263925,0.1059395824684155
2.0,1.0,0.5,9,0.12,2.388361956890424,2.4724577557732577,-0.0840957988828337
2.0,0.5,0.0,6,0.12,2.1988965168879346,2.4353000025652847,-0.23640348567735003
2.0,0.5,0.1,7,0.01,2.5241183959219953,2.4769125145440296,0.047205881377965664
2.0,0.5,0.5,7,0.5,0.37085995868622607,0.06701820892397053,0.30384174976225553
2.0,0.5,1.0,5,0.5,1.2747410734158908,1.6982532166835773,-0.4235121432676865
2.0,5.0,1.0,2,0.5,1.4225506557696004,1.246718987642556,0.17583166812704443
2.0,2.0,2.0,3,0.01,2.4125117662740503,2.369351220429658,0.04316054584439222
2.0,0.0,0.1,3,0.5,2.535402119606234,2.5135344272871056,0.02186769231912855
2.0,1.0,2.0,2,0.5,2.0583065733677075,2.086119763283541,-0.02781318991583337
2.0,0.5,0.1,4,0.12,2.434691825142364,2.4593880439404647,-0.024696218798100578
2.0,0.1,2.0,4,0.5,2.0199368464121195,2.1562000622406323,-0.13626321582851286
2.0,1.0,0.1,7,0.12,2.496691070718632,2.2949979144000734,0.20169315631855866
2.0,0.5,0.5,8,0.5,0.06643806004333212,0.06625200116582142,0.00018605887751070582
2.0,0.0,1.0,1,0.5,2.585712441560308,2.597060570948917,-0.011348129388609074
2.0,0.1,1.0,9,0.5,1.5031421846191477,1.4148905603493114,0.08825162426983635
2.0,0.1,0.0,3,0.5,0.07038062604561503,0.06720018494229281,0.003180441103322218
2.0,2.0,0.0,5,0.12,2.449172718137682,2.264895150431366,0.18427756770631598
2.0,5.0,0.0,2,0.5,0.06616816150024886,0.0671996130194666,-0.001031451519217741
2.0,2.0,2.0,9,0.01,2.2984485820705047,2.4005518423485177,-0.10210326027801297
2.0,0.1,0.1,1,0.01,2.6138102176506255,2.575210381509421,0.038599836141204324
2.0,1.0,0.1,10,0.5,0.07622793799562075,0.07035374830900565,0.0058741896866151
2.0,5.0,1.0,3,0.5,0.5550184683554787,0.4299688458491552,0.12504962250632357
2.0,0.5,2.0,2,0.01,2.5398260864655313,2.4780421847757608,0.06178390168977055
2.0,0.0,0.1,2,0.12,2.5846313134940995,2.5906122364345308,-0.005980922940431288
2.0,5.0,0.1,6,0.01,2.35802892416084,2.4940357955125627,-0.13600687135172285
2.0,2.0,0.1,1,0.5,0.06545188719032156,0.06566594667405554,-0.0002140594837339721
2.0,5.0,2.0,2,0.12,2.4333156329239976,2.464705575140463,-0.03138994221646563
2.0,0.1,1.0,4,0.5,1.487975508794478,1.5375001862217277,-0.04952467742724975
2.0,1.0,0.1,8,0.12,1.9986724349734095,2.23508488735566,-0.23641245238225062
2.0,1.0,0.5,10,0.01,2.5242609985209277,2.3686560119717006,0.15560498654922705
2.0,5.0,1.0,9,0.5,1.930667034405398,1.732749074617942,0.19791795978745608
2.0,0.0,1.0,6,0.12,2.5893755404995704,2.5893905881831323,-1.5047683561864034e-5
2.0,0.1,2.0,9,0.12,2.583890386657403,2.7274173145258263,-0.14352692786842347
2.0,5.0,1.0,4,0.5,1.2375754612402057,1.8349700935237978,-0.5973946322835921
2.0,0.1,0.0,3,0.12,2.392023638705938,2.3263595911641644,0.06566404754177357
2.0,1.0,1.0,2,0.12,2.4334498552268564,2.479400818628451,-0.045950963401594436
2.0,0.0,0.5,7,0.5,2.572523135732909,2.5548327324610165,0.017690403271892308
2.0,0.0,5.0,10,0.5,2.5921858630516246,2.5891090037528826,0.0030768592987420185
2.0,5.0,1.0,3,0.12,2.4013434197138355,2.3194142818428922,0.08192913787094325
2.0,0.1,0.5,1,0.12,2.2889578716256325,2.3535489803686915,-0.06459110874305907
2.0,1.0,5.0,5,0.5,2.3465028393620417,2.3791243732040344,-0.03262153384199262
2.0,2.0,0.1,1,0.12,2.351060911234045,2.3503034752664544,0.0007574359675905917
2.0,0.1,0.0,7,0.01,2.6359084922109295,2.597661488766522,0.03824700344440757
2.0,0.1,0.1,5,0.01,2.606691372179641,2.7351186448271307,-0.12842727264748977
2.0,0.1,0.0,9,0.12,2.316694925332235,2.380631846229028,-0.06393692089679304
2.0,0.0,5.0,8,0.12,2.584785658197829,2.5956888370108824,-0.010903178813053582
2.0,1.0,0.0,2,0.12,2.2945065470708568,2.466157487945332,-0.1716509408744753
2.0,5.0,2.0,4,0.12,2.0267279597435657,2.2690326720891645,-0.2423047123455988
2.0,0.0,0.1,8,0.01,2.591863131471628,2.5937652656655974,-0.0019021341939695624
2.0,5.0,1.0,9,0.12,2.3414008885125686,2.5002880869379953,-0.15888719842542676
2.0,0.0,0.0,5,0.5,2.499680012301426,2.5505149337308617,-0.05083492142943591
2.0,0.5,0.5,10,0.12,2.4478739161214875,2.3486982165274433,0.09917569959404426
2.0,5.0,5.0,5,0.12,2.453546169886861,2.5574772387410145,-0.10393106885415371
2.0,1.0,2.0,4,0.12,2.1776416896693753,2.5253557887856113,-0.34771409911623596
2.0,1.0,0.0,3,0.12,2.325755782577338,2.379637574203968,-0.05388179162663009
2.0,0.5,1.0,7,0.5,1.7486827213329998,1.392079425692586,0.35660329564041393
2.0,0.1,1.0,10,0.01,2.6742117992685506,2.4972218350000035,0.17698996426854707
2.0,5.0,0.0,4,0.12,2.355924891453844,2.2689720946828955,0.08695279677094847
2.0,1.0,1.0,4,0.12,2.21962997049605,2.360324217153397,-0.14069424665734687
2.0,1.0,0.0,9,0.12,2.3951158722339017,2.264790894450867,0.13032497778303487
2.0,0.1,2.0,1,0.5,2.1495538152963003,2.2023970006919256,-0.05284318539562527
2.0,0.1,0.1,3,0.5,0.06943224140961689,0.06820964422258931,0.0012225971870275798
2.0,2.0,5.0,4,0.5,2.162054968831645,2.37803268099072,-0.2159777121590749
2.0,0.5,1.0,8,0.5,1.2784873550911684,1.5415976895759598,-0.2631103344847914
2.0,5.0,5.0,9,0.01,2.1972010265061255,2.438326718921865,-0.24112569241573967
2.0,1.0,5.0,3,0.01,2.3540555087785067,2.5334602484431348,-0.1794047396646281
2.0,0.5,2.0,7,0.12,2.4458073377966665,2.248799447263225,0.19700789053344137
2.0,0.5,0.5,5,0.01,2.470743592507456,2.470206678925099,0.0005369135823571902
2.0,0.0,0.1,1,0.5,2.5436196834410474,2.5417262536738403,0.0018934297672070777
2.0,5.0,0.5,5,0.12,2.096460335692478,2.167878950312144,-0.07141861461966625
2.0,5.0,2.0,1,0.5,2.157761740833946,1.9691238066728436,0.18863793416110242
2.0,0.1,2.0,6,0.12,2.605237278257857,2.4402138668965314,0.1650234113613256
2.0,0.0,0.0,3,0.01,2.589558649742354,2.5825877730676545,0.006970876674699422
2.0,5.0,0.0,10,0.01,2.267872654678142,2.1754681525978317,0.09240450208031037
2.0,0.5,1.0,7,0.12,2.3035237822791217,2.1825835329581547,0.12094024932096703
2.0,0.1,0.0,1,0.5,0.0753632725948306,0.0667358737758466,0.008627398818984
2.0,0.5,5.0,2,0.12,2.526603602369873,2.446108517658439,0.08049508471143385
2.0,1.0,2.0,1,0.5,2.2740448320438795,1.952044641798558,0.32200019024532156
2.0,0.5,0.1,2,0.01,2.513737885303154,2.464600940377636,0.04913694492551768
2.0,0.0,0.1,6,0.12,2.5883167267529843,2.588732305539375,-0.0004155787863906468
2.0,1.0,0.1,3,0.5,0.06711257894364477,0.06606192960478514,0.0010506493388596216
2.0,0.5,0.5,2,0.5,0.33166372712742204,0.2053289302843061,0.12633479684311594
2.0,2.0,0.0,1,0.01,2.313233752827382,2.436549761970957,-0.12331600914357477
2.0,2.0,0.5,4,0.5,0.5382673270925414,0.3311840356692895,0.20708329142325194
2.0,0.1,5.0,7,0.12,2.6235572299479397,2.6847633094422405,-0.06120607949430079
2.0,0.5,2.0,1,0.01,2.5095493484955527,2.3331101259509164,0.1764392225446363
2.0,0.0,0.1,1,0.12,2.590464935579424,2.59312881374995,-0.002663878170526157
2.0,0.5,0.1,3,0.01,2.548759248843617,2.3250016424723277,0.22375760637128916
2.0,0.0,5.0,2,0.5,2.581428453770916,2.5892273138062984,-0.00779886003538266
2.0,0.0,0.0,7,0.5,2.554634941089415,2.557720424217592,-0.0030854831281770245
2.0,1.0,0.0,1,0.5,0.06660293481770571,0.06592663678535583,0.0006762980323498785
2.0,0.1,0.1,4,0.12,2.404666442760033,2.4472936265976513,-0.04262718383761843
2.0,0.1,5.0,8,0.12,2.5043150331463777,2.626538228217586,-0.12222319507120849
2.0,1.0,2.0,1,0.12,2.3041413536890496,2.403063711359714,-0.0989223576706646
2.0,0.0,2.0,10,0.5,2.591456645881651,2.5795682393822235,0.01188840649942735
2.0,2.0,5.0,6,0.5,2.365817378635694,2.3150832476586505,0.05073413097704371
2.0,0.1,2.0,2,0.01,2.6893601101066364,2.5881210589073476,0.10123905119928889
2.0,0.5,0.1,4,0.01,2.516740816601581,2.1692273240644773,0.34751349253710373
2.0,0.5,0.0,1,0.01,2.5666062249132326,2.2947694776839285,0.2718367472293042
2.0,1.0,2.0,5,0.5,2.1729961380795935,2.294858687101362,-0.12186254902176863
2.0,2.0,0.5,4,0.12,2.268643156459253,2.301843777435616,-0.033200620976363115
2.0,0.5,0.0,10,0.12,2.416031880416884,2.3809882679267,0.035043612490184284
2.0,0.0,1.0,7,0.12,2.592909543590544,2.5941623752274,-0.0012528316368562997
2.0,5.0,5.0,8,0.12,2.3674052943342807,2.323658680668563,0.04374661366571786
2.0,1.0,0.1,9,0.12,2.115323753089036,2.3852588958092444,-0.26993514272020835
2.0,1.0,0.5,7,0.5,0.06705055293738793,0.06684087075011508,0.0002096821872728527
2.0,0.1,5.0,1,0.01,2.6352311705127036,2.661315515498567,-0.026084344985863428
2.0,0.0,1.0,10,0.5,2.575516719863379,2.5840845813538764,-0.008567861490497375
2.0,0.1,1.0,2,0.01,2.5655781289632844,2.658478032014655,-0.09289990305137064
2.0,0.5,0.5,3,0.12,2.3896208643950105,2.4016140775063906,-0.011993213111380019
2.0,0.5,0.1,7,0.5,0.06796351136460896,0.06781948968537022,0.00014402167923874276
2.0,2.0,2.0,3,0.5,1.95461890975753,2.3311442476813493,-0.37652533792381937
2.0,0.1,0.0,2,0.01,2.6530359308556246,2.5850282881164675,0.06800764273915716
2.0,0.5,5.0,10,0.01,2.479906432953346,2.597106314273126,-0.1171998813197801
2.0,1.0,5.0,6,0.01,2.4927680703733537,2.4581996440053553,0.034568426367998395
2.0,0.1,0.0,5,0.12,2.2771341505283926,2.3448173391347744,-0.06768318860638178
2.0,0.0,5.0,3,0.12,2.589085397360772,2.5913729277377824,-0.0022875303770102384
2.0,2.0,0.0,2,0.5,0.06962049810796729,0.06568413463016202,0.003936363477805266
2.0,0.5,1.0,5,0.01,2.4401400602063172,2.4145308919353847,0.025609168270932514
2.0,5.0,0.5,10,0.5,0.0660197483692267,0.0661538892956971,-0.0001341409264704052
2.0,1.0,2.0,5,0.12,2.2646081548147965,2.274155166877255,-0.00954701206245856
2.0,0.5,0.5,4,0.12,2.4925409829852496,2.3674723540642444,0.12506862892100523
2.0,0.1,2.0,4,0.01,2.6144414024703817,2.6318939216012396,-0.01745251913085788
2.0,0.0,1.0,1,0.01,2.590668401071434,2.589807184029625,0.0008612170418089704
2.0,0.5,0.0,5,0.01,2.1879072713724663,2.397132150652517,-0.20922487928005085
2.0,1.0,1.0,2,0.01,2.4709535770865316,2.1752323121525605,0.2957212649339711
2.0,0.0,0.1,9,0.01,2.5925950436235725,2.5924883303730044,0.00010671325056810232
2.0,0.5,0.1,7,0.12,2.476787586302194,2.249548005279448,0.22723958102274633
2.0,0.0,0.5,2,0.12,2.586907187378691,2.590231411836498,-0.0033242244578071123
2.0,2.0,0.1,1,0.01,2.4118751271639773,2.2608569242430248,0.15101820292095258
2.0,0.5,0.1,10,0.5,0.06646375111225605,0.06830374721296084,-0.0018399961007047883
2.0,0.1,2.0,7,0.5,2.1092041408000766,2.152952975299581,-0.04374883449950451
2.0,2.0,5.0,5,0.5,1.9652480486324408,2.0733581026365453,-0.10811005400410445
2.0,2.0,0.0,4,0.5,0.06633811751270999,0.06558854587853181,0.0007495716341781727
2.0,5.0,5.0,5,0.01,2.414344989282837,2.4329417197838548,-0.018596730501017955
2.0,0.5,2.0,2,0.12,2.331472352564948,2.4286910178281023,-0.09721866526315415
2.0,2.0,0.0,3,0.12,2.025698176987716,2.199875942045552,-0.174177765057836
2.0,2.0,1.0,9,0.12,2.2687653512446895,2.4445913288671655,-0.17582597762247598
2.0,0.5,0.0,3,0.5,0.06839745063505924,0.06755820750815009,0.0008392431269091533
2.0,0.1,1.0,8,0.5,1.4801606503524305,1.3255584004730785,0.154602249879352
2.0,1.0,1.0,4,0.01,2.412576740275901,2.5782109910499282,-0.16563425077402716
2.0,1.0,0.0,9,0.01,2.352232440350895,2.4628261800773705,-0.11059373972647535
2.0,0.1,2.0,7,0.12,2.5714317585347697,2.67075386903955,-0.09932211050478035
5.0,1.0,2.0,2,0.01,2.2526004696153037,2.4125876476997217,-0.15998717808441798
5.0,2.0,5.0,6,0.12,2.0401353282358325,2.5096631033531076,-0.46952777511727506
5.0,2.0,2.0,9,0.5,1.9687694726501217,1.9678652907924108,0.0009041818577109062
5.0,1.0,2.0,5,0.12,2.3518663354476694,2.3058155680379366,0.046050767409732796
5.0,0.0,5.0,9,0.12,2.5895812244179797,2.585954479814452,0.003626744603527854
5.0,0.1,1.0,9,0.01,2.617618266365996,2.5284121651714027,0.08920610119459349
5.0,1.0,0.5,7,0.12,2.426749422854211,2.249086568538513,0.17766285431569795
5.0,1.0,1.0,2,0.01,2.3200071858331577,2.4899629253146704,-0.16995573948151277
5.0,5.0,0.0,5,0.12,2.088019929101565,2.339306049797986,-0.25128612069642076
5.0,5.0,1.0,3,0.01,2.17979677364181,2.365868466767129,-0.18607169312531902
5.0,2.0,5.0,1,0.12,2.353804543537653,2.4162854354950505,-0.06248089195739759
5.0,0.5,5.0,1,0.5,2.432443336284718,2.555839571009869,-0.12339623472515093
5.0,0.1,1.0,4,0.01,2.6555274105651305,2.6726137112875525,-0.01708630072242201
5.0,2.0,0.1,10,0.12,2.31034235630436,2.3370293184669277,-0.026686962162567607
5.0,2.0,0.5,1,0.5,0.06568089417085811,0.19582666020521866,-0.13014576603436057
5.0,2.0,1.0,4,0.5,1.4425420522854793,1.7430482627934618,-0.30050621050798254
5.0,0.0,5.0,8,0.01,2.592823466810144,2.5897083063069046,0.003115160503239345
5.0,0.5,0.5,10,0.01,2.561093922916397,2.47334710424993,0.08774681866646716
5.0,1.0,0.5,6,0.01,2.438702648399225,2.4418803975217633,-0.0031777491225382093
5.0,0.1,1.0,7,0.5,1.3638603567194063,1.0755547364835858,0.2883056202358205
5.0,0.0,0.5,3,0.12,2.594947219768603,2.579328251597262,0.01561896817134123
5.0,0.5,5.0,6,0.12,2.4849910055635975,2.447229744157956,0.03776126140564173
5.0,5.0,0.5,10,0.12,2.1802295583230533,2.297470529618528,-0.1172409712954745
5.0,2.0,2.0,9,0.12,2.398522458220311,2.243246765021618,0.15527569319869272
5.0,0.0,0.1,7,0.5,2.527709754711789,2.5330056657720115,-0.005295911060222647
5.0,2.0,0.0,4,0.5,0.06528037484344243,0.06984495973602083,-0.004564584892578397
5.0,5.0,1.0,4,0.01,1.8799327254062315,2.4016177856627356,-0.5216850602565042
5.0,0.5,2.0,2,0.12,2.4509425612343168,2.473650668313597,-0.022708107079280282
5.0,1.0,1.0,9,0.01,2.4063411958320544,2.4978379261513473,-0.09149673031929284
5.0,0.1,0.0,7,0.5,0.06680806476564052,0.06824790245201079,-0.0014398376863702655
5.0,0.0,0.5,9,0.12,2.59484337663132,2.58944312590258,0.005400250728739842
5.0,1.0,5.0,5,0.01,2.4880839291568306,2.331956025563462,0.1561279035933687
5.0,0.0,0.1,8,0.5,2.4557855522412506,2.538775181369448,-0.08298962912819752
5.0,2.0,0.5,1,0.12,2.371723661279697,2.381593413990948,-0.00986975271125079
5.0,0.1,2.0,7,0.12,2.6932484477011047,2.641027047782716,0.05222139991838892
5.0,2.0,5.0,5,0.12,2.172566034400928,2.0855093171472174,0.08705671725371067
5.0,0.5,5.0,5,0.5,2.375535235894402,2.312550192522301,0.06298504337210087
5.0,0.1,2.0,10,0.5,1.999471809228213,2.169752958145982,-0.1702811489177689
5.0,0.0,2.0,2,0.5,2.5788257384481486,2.5835995966925,-0.004773858244351281
5.0,2.0,1.0,8,0.01,2.564140596331116,2.4530786843927728,0.11106191193834336
5.0,2.0,0.5,5,0.5,0.1877294620809569,0.27286796919227935,-0.08513850711132245
5.0,1.0,0.1,1,0.12,2.4387105430525704,2.0350285182094745,0.4036820248430959
5.0,0.5,0.0,4,0.5,0.06821128808365862,0.0673924992915331,0.0008187887921255188
5.0,5.0,2.0,10,0.5,2.0907024326847554,2.1932447871291587,-0.1025423544444033
5.0,0.5,2.0,4,0.12,2.373783165166954,2.341832011115535,0.03195115405141902
5.0,5.0,0.0,8,0.5,0.06697042592609163,0.06723526668312078,-0.00026484075702915
5.0,0.5,2.0,8,0.01,2.328102206521098,2.2731890784342945,0.054913128086803376
5.0,2.0,1.0,10,0.01,2.5330869577020856,2.256580890702118,0.2765060669999677
5.0,5.0,2.0,8,0.12,2.337533713230109,2.2464102567835127,0.09112345644659614
5.0,0.0,1.0,3,0.5,2.5715681536825294,2.569773070691096,0.0017950829914332722
5.0,1.0,5.0,3,0.5,2.519117126811666,2.4870515816043075,0.0320655452073586
5.0,0.1,2.0,10,0.12,2.5772995804636682,2.4769806022074734,0.10031897825619485
5.0,0.5,0.0,7,0.01,2.45231335163567,2.365788049531663,0.0865253021040071
5.0,0.1,0.5,3,0.5,0.19090102076088042,0.40899388581638507,-0.21809286505550465
5.0,0.5,1.0,8,0.01,2.4500124569773023,2.4148303497404306,0.03518210723687165
5.0,5.0,0.0,7,0.12,2.2847381361510046,2.229305266537922,0.05543286961308258
5.0,0.0,2.0,4,0.5,2.5854811496060592,2.592189179777852,-0.006708030171792778
5.0,5.0,1.0,8,0.12,2.368695441776326,2.4407013246837628,-0.07200588290743681
5.0,1.0,5.0,9,0.5,2.4464566274981303,1.945416842212402,0.5010397852857282
5.0,0.1,5.0,7,0.01,2.6911691235173474,2.689982549527302,0.001186573990045403
5.0,5.0,0.0,10,0.5,0.06667370772321488,0.07449218758047532,-0.007818479857260446
5.0,0.1,1.0,1,0.01,2.6619807562270785,2.6101741073317184,0.05180664889536013
5.0,0.1,1.0,10,0.12,2.5172089411379694,2.5253161471549976,-0.00810720601702819
5.0,0.5,2.0,10,0.01,2.5390844271669413,2.3475459868700783,0.19153844029686296
5.0,0.0,0.1,10,0.12,2.5921524613124602,2.5880663325364672,0.004086128775993014
5.0,0.0,0.5,1,0.5,2.5850692147399847,2.5617790341828894,0.023290180557095308
5.0,5.0,5.0,3,0.12,2.4638951939369944,2.1481478832302163,0.3157473107067781
5.0,1.0,5.0,4,0.5,2.361158215188816,2.4874317700764306,-0.12627355488761438
5.0,0.0,5.0,5,0.5,2.596294952135671,2.5929369138344054,0.0033580383012656867
5.0,1.0,1.0,8,0.12,2.476660877883836,2.4721879949668177,0.004472882917018417
5.0,0.1,0.0,1,0.01,2.72041168529277,2.6347880168672657,0.08562366842550428
5.0,0.1,0.5,4,0.5,0.3285989485122171,0.4216290993796811,-0.09303015086746402
5.0,0.0,0.0,2,0.12,2.5855556050498443,2.591171341667002,-0.005615736617157641
5.0,5.0,5.0,7,0.01,2.3495153146148184,2.2216540763063404,0.12786123830847806
5.0,0.0,2.0,9,0.12,2.5953396970751736,2.5920293430114225,0.003310354063751131
5.0,5.0,0.1,9,0.01,2.571700858901851,2.1894837237772418,0.3822171351246091
5.0,5.0,0.5,9,0.5,0.37704658338011315,0.2411564381901694,0.13589014518994375
5.0,1.0,0.5,3,0.5,0.06537874163739162,0.2522726612066888,-0.18689391956929718
5.0,2.0,2.0,1,0.12,2.4219701745829534,2.2074114093473005,0.21455876523565287
5.0,5.0,0.5,2,0.12,2.296810252728029,2.410328821734243,-0.11351856900621415
5.0,0.0,2.0,4,0.12,2.5930357796217267,2.595841663301662,-0.0028058836799353948
5.0,0.1,2.0,5,0.01,2.5845498543457905,2.5385923077871926,0.04595754655859796
5.0,0.0,0.0,3,0.12,2.5944405581397687,2.5924317272086905,0.002008830931078176
5.0,0.0,1.0,9,0.12,2.5875835557951308,2.5921820143922285,-0.004598458597097732
5.0,5.0,5.0,8,0.01,2.2039976894458406,2.271567913881345,-0.06757022443550431
5.0,0.0,5.0,5,0.12,2.593772587917728,2.5931607822636886,0.000611805654039177
5.0,0.5,2.0,6,0.12,2.370125342556344,2.3938735723456364,-0.023748229789292363
5.0,1.0,0.5,4,0.5,0.2492012531594021,0.31932721052140944,-0.07012595736200736
5.0,1.0,0.0,10,0.12,2.2802443529138854,2.423395671448718,-0.14315131853483276
5.0,0.5,0.5,9,0.01,2.328453106036567,2.4810560360646843,-0.1526029300281171
5.0,0.0,0.0,4,0.12,2.5881382456601827,2.593159806825306,-0.005021561165123423
5.0,0.1,0.0,5,0.01,2.5311710534432867,2.601179371594696,-0.07000831815140929
5.0,0.5,1.0,6,0.12,2.5250192782402303,2.320793776946466,0.20422550129376438
5.0,2.0,0.0,5,0.5,0.07162706644330837,0.06615963420780677,0.005467432235501599
5.0,2.0,2.0,2,0.01,2.0644700693783453,2.277491066463484,-0.21302099708513866
5.0,0.1,0.1,10,0.5,0.06770054399988476,0.06780534126603878,-0.00010479726615401919
5.0,0.5,2.0,5,0.5,2.1906109886368235,1.8156427971235463,0.3749681915132772
5.0,0.5,5.0,7,0.12,2.4313212110959874,2.5356199549654184,-0.10429874386943094
5.0,1.0,0.1,8,0.5,0.06699096823195846,0.06590619237514017,0.001084775856818293
5.0,1.0,1.0,5,0.01,2.563924482918418,2.443288473418736,0.12063600949968167
5.0,0.5,0.5,7,0.5,0.06533279748682658,0.30788587450162624,-0.24255307701479967
5.0,0.1,0.5,10,0.01,2.6560156190453417,2.5775332117787926,0.07848240726654909
5.0,1.0,5.0,6,0.5,2.4584233494137138,2.52931500689138,-0.07089165747766613
5.0,0.1,1.0,3,0.5,1.1070467423239339,1.4624778255459698,-0.355431083222036
5.0,0.0,2.0,1,0.5,2.571557437557929,2.582738553461405,-0.011181115903476258
5.0,5.0,1.0,2,0.5,1.2589870962276226,1.783926858256795,-0.5249397620291725
5.0,0.1,2.0,2,0.12,2.5822912208153315,2.581927203506874,0.00036401730845758706
5.0,0.5,0.1,4,0.12,2.3806322248061487,2.4033314998821735,-0.022699275076024872
5.0,1.0,0.5,8,0.01,2.5396304956263793,2.441792356718978,0.09783813890740145
5.0,5.0,2.0,3,0.5,2.0955179041934797,2.1987676023511677,-0.10324969815768803
5.0,0.5,0.1,8,0.01,2.405382073583971,2.37959604052006,0.025786033063910807
5.0,2.0,0.0,2,0.01,2.2476179054966123,2.405955284041158,-0.15833737854454588
5.0,0.1,2.0,4,0.5,2.1404192078942486,2.122345913064703,0.01807329482954545
5.0,0.5,0.5,8,0.5,0.3681824327669943,0.06876707684181721,0.2994153559251771
5.0,0.1,1.0,9,0.5,1.3214546383681534,1.3633249329132495,-0.041870294545096165
5.0,0.0,0.5,3,0.01,2.593881277844868,2.58780716934039,0.006074108504478204
5.0,1.0,1.0,2,0.5,1.6830984149190926,1.7205655146905456,-0.037467099771453016
5.0,0.1,1.0,2,0.12,2.5231781341227517,2.5591420123400637,-0.03596387821731195
5.0,2.0,0.5,6,0.01,2.0774299068176196,2.5050756543908883,-0.4276457475732687
5.0,5.0,2.0,9,0.5,2.099858706676835,2.4110264356528353,-0.3111677289760002
5.0,0.0,2.0,6,0.12,2.5927697845041084,2.578817373281286,0.013952411222822647
5.0,2.0,0.1,1,0.5,0.07002870579695586,0.06617070755335615,0.0038579982435997112
5.0,5.0,0.5,6,0.5,0.439266496578861,0.066064712381583,0.373201784197278
5.0,2.0,0.0,3,0.01,2.3800717179648787,2.4778969975614733,-0.0978252795965946
5.0,1.0,0.1,8,0.12,2.389186252687019,2.4342378050171245,-0.045051552330105604
5.0,0.0,5.0,8,0.5,2.5893259454366366,2.587791033022066,0.0015349124145704884
5.0,1.0,0.5,10,0.01,2.5933706485156125,2.292756163687054,0.30061448482855857
5.0,5.0,2.0,4,0.5,2.1439255871295972,1.7930281984914131,0.3508973886381841
5.0,0.1,0.0,2,0.12,2.3589409471444562,2.380193878531867,-0.0212529313874108
5.0,0.5,1.0,2,0.01,2.4948959789773753,2.5413808934986415,-0.04648491452126624
5.0,5.0,5.0,1,0.12,2.496775534130967,2.2820471246046843,0.2147284095262827
5.0,1.0,0.5,6,0.5,0.06871949415764567,0.28553868444061553,-0.21681919028296986
5.0,2.0,1.0,4,0.01,2.082748598027953,2.326915269571494,-0.2441666715435411
5.0,0.1,0.5,6,0.12,2.36219258972895,2.4396458646694663,-0.07745327494051635
5.0,5.0,1.0,4,0.5,1.4729195988129282,1.5965531025452129,-0.12363350373228466
5.0,1.0,2.0,4,0.5,2.0705788853952134,2.3833071366969514,-0.312728251301738
5.0,0.0,2.0,5,0.5,2.584511688028099,2.5775612343886376,0.00695045363946134
5.0,1.0,1.0,9,0.5,0.674770874806234,1.2802384334267576,-0.6054675586205236
5.0,0.5,0.5,8,0.12,2.3132040747540943,2.3321169151591254,-0.01891284040503116
5.0,0.1,1.0,7,0.01,2.651496552063815,2.549448381455459,0.1020481706083558
5.0,5.0,0.0,2,0.12,2.16240486777505,2.3542236849319385,-0.19181881715688842
5.0,0.5,1.0,3,0.01,2.5090006177149182,2.5253267347875794,-0.016326117072661184
5.0,1.0,0.1,1,0.01,2.5192194832578005,2.2619314751295914,0.2572880081282092
5.0,0.5,2.0,9,0.01,2.3211302868903836,2.586298466149163,-0.26516817925877945
5.0,0.1,2.0,8,0.01,2.6839694578580584,2.6437802971409186,0.04018916071713985
5.0,0.0,5.0,10,0.5,2.5870754908723614,2.5933472436790446,-0.0062717528066831285
5.0,1.0,2.0,3,0.12,2.3044024760676427,2.2783288353181548,0.026073640749487925
5.0,1.0,1.0,4,0.5,1.170742031597392,1.1654822962733196,0.005259735324072423
5.0,0.0,1.0,5,0.5,2.5396361076822456,2.5806393413963025,-0.0410032337140569
5.0,2.0,0.1,1,0.12,2.2912189403419068,2.2425349476520635,0.04868399268984325
5.0,0.1,5.0,5,0.12,2.6523791527559606,2.6379627035139803,0.014416449241980267
5.0,1.0,0.0,2,0.12,2.3624826425954635,2.2100551419838377,0.1524275006116258
5.0,5.0,2.0,4,0.12,2.4293344798678476,2.2657376012462342,0.16359687862161332
5.0,0.0,0.1,8,0.01,2.5907607105822223,2.5915920513154975,-0.0008313407332751765
5.0,5.0,1.0,9,0.12,2.3324496999263205,2.119037590986909,0.21341210893941165
5.0,1.0,1.0,3,0.12,2.0276305280111315,2.139589779932406,-0.11195925192127465
5.0,1.0,2.0,9,0.12,2.3943554537093497,2.425505531810815,-0.031150078101465528
5.0,0.5,0.5,1,0.01,2.179658462192316,2.4049433598749164,-0.22528489768260052
5.0,1.0,0.5,6,0.12,2.4333169911985113,2.3955052520254445,0.037811739173066794
5.0,5.0,5.0,2,0.01,2.4229202678634554,2.581264176579671,-0.1583439087162155
5.0,0.5,2.0,7,0.5,1.7848087111758408,1.9786057607238552,-0.19379704954801436
5.0,5.0,0.0,7,0.01,2.367490936869795,2.452805368413459,-0.0853144315436638
5.0,5.0,0.5,5,0.5,0.4601396645557256,0.06653290699804,0.3936067575576856
5.0,1.0,0.5,1,0.12,2.506644150264391,2.4037436248537074,0.1029005254106834
5.0,5.0,5.0,3,0.01,2.2520163205916015,2.4467361131217418,-0.19471979253014027
5.0,0.5,0.1,1,0.12,2.2492191142944415,2.377189348929339,-0.12797023463489765
5.0,1.0,0.5,5,0.5,0.5934624667831545,0.33250345756121563,0.2609590092219389
5.0,2.0,2.0,6,0.01,2.0767361354157616,2.3707783563132634,-0.29404222089750176
5.0,0.1,0.5,5,0.12,2.337932930999226,2.346031981527459,-0.008099050528232787
5.0,0.1,0.1,3,0.5,0.06676277089468761,0.06871132085863728,-0.001948549963949664
5.0,5.0,0.1,2,0.5,0.07050081120911739,0.06615706655079803,0.004343744658319354
5.0,0.0,0.0,5,0.12,2.5886708461946606,2.589833498497259,-0.001162652302598488
5.0,1.0,2.0,10,0.01,2.3878530329133496,2.3868609084315917,0.0009921244817578945
5.0,0.5,2.0,7,0.12,2.4777684350469715,2.049969441331693,0.42779899371527863
5.0,0.5,0.0,8,0.5,0.06707122315002564,0.06626389664160472,0.0008073265084209275
5.0,0.1,2.0,6,0.12,2.5612401369212177,2.5878626701391414,-0.02662253321792374
5.0,0.5,1.0,7,0.12,2.2193739978110494,2.2641244182758986,-0.04475042046484923
5.0,2.0,5.0,9,0.12,2.1768635595804753,2.3072696886902966,-0.1304061291098213
5.0,0.5,2.0,8,0.12,2.3005151922531617,2.470076320577417,-0.16956112832425552
5.0,0.1,5.0,8,0.5,2.4715221735931845,2.51712514101547,-0.045602967422285534
5.0,2.0,0.1,9,0.01,2.4911396308764218,2.399149971825987,0.09198965905043455
5.0,0.0,0.0,9,0.01,2.589249033118979,2.5916401041752,-0.0023910710562211612
5.0,0.1,2.0,1,0.12,2.564373890675953,2.594736754655669,-0.030362863979716437
5.0,0.5,0.0,7,0.12,2.466551342970801,2.384022371346225,0.08252897162457584
5.0,2.0,5.0,4,0.12,2.4326744749327496,2.2362311814558957,0.19644329347685385
5.0,2.0,5.0,8,0.01,2.42051249615136,2.4062097694348847,0.014302726716475256
5.0,5.0,0.0,1,0.5,0.06728723796569416,0.06582135190610967,0.0014658860595844897
5.0,1.0,0.5,3,0.01,2.191196157668726,2.3951666298204137,-0.2039704721516875
5.0,1.0,0.1,9,0.5,0.06738304132108165,0.06628017576052328,0.001102865560558372
5.0,0.1,5.0,10,0.5,2.4685130815807206,2.4787132998645665,-0.010200218283845874
5.0,1.0,0.1,2,0.12,2.541926011327781,2.2844072759637553,0.2575187353640258
5.0,0.0,0.0,7,0.5,2.528690042323265,2.5468576516532164,-0.01816760932995143
5.0,0.5,5.0,7,0.01,2.548820758760019,2.4146549907443005,0.13416576801571845
5.0,5.0,0.0,6,0.12,2.016753304286731,1.9086147973924474,0.1081385068942835
5.0,5.0,5.0,7,0.12,2.315309129183269,2.0818698321469538,0.23343929703631527
5.0,5.0,0.1,9,0.12,2.42248919166932,2.2500484135749845,0.17244077809433556
5.0,5.0,0.5,7,0.5,0.5609144084628943,0.6592278512209737,-0.0983134427580794
5.0,0.0,5.0,3,0.5,2.5913599531400675,2.5919353953465425,-0.0005754422064749853
5.0,2.0,1.0,5,0.01,2.0854367183495666,2.4314211446606175,-0.345984426311051
5.0,0.0,2.0,10,0.5,2.5831512592622254,2.581234218908808,0.001917040353417221
5.0,5.0,1.0,5,0.5,1.4566720706820153,1.5333478436599468,-0.07667577297793149
5.0,0.5,0.1,4,0.01,2.477412804078892,2.2802690437352684,0.1971437603436237
5.0,0.5,0.0,10,0.12,2.33099335838529,2.1205397048790267,0.21045365350626355
5.0,5.0,0.0,1,0.12,2.2689842840247922,2.3083099703343906,-0.03932568630959832
5.0,0.0,2.0,8,0.12,2.5945028136560206,2.589574609700452,0.004928203955568478
5.0,1.0,0.1,9,0.12,2.263359021568198,2.321314718577803,-0.057955697009605345
5.0,1.0,0.5,7,0.5,0.0697077412300737,0.06740623809857718,0.0023015031314965184
5.0,0.0,1.0,10,0.5,2.577579048267686,2.5751001043405766,0.002478943927109345
5.0,0.0,5.0,2,0.12,2.5920135213041497,2.592766593532421,-0.0007530722282713675
5.0,0.5,0.1,7,0.5,0.06713586638889794,0.0657653267309989,0.0013705396578990447
5.0,0.0,0.5,2,0.5,2.586251060268416,2.5785230087659867,0.007728051502429167
5.0,1.0,5.0,8,0.12,2.550760616625563,2.5246425460924606,0.026118070533102333
5.0,0.0,0.0,10,0.5,2.5171580289727777,2.49126342464262,0.025894604330157556
